MA4 TRAINWISE INTERCHANGE,,,,,,,,,,,,,,,,,,,,,,,,,,,,,,,,,,,,,,,,,,,,,,,,,,,,,,,,,,,,,,,,,,,,,,,,,,,,,,,,,
[  Zone: WR,  DateFrom: 22-06-2025,  DateTo: 22-06-2025,  Gauge: BG,;  TakenOver: 194=213+0;  HandedOver: 184=200+0;  HandedOverCc8Cont: 143;  HandedOverCc6Cont: 6;  TakenOverCc8Cont: 142;  TakenOverCc6Cont: 7 ],,,,,,,,,,,,,,,,,,,,,,,,,,,,,,,,,,,,,,,,,,,,,,,,,,,,,,,,,,,,,,,,,,,,,,,,,,,,,
DATE,ZONE FROM,ZONE TO,IC STTN,TAKEN OVER SR.NO.,TAKEN OVER DRTN,TAKEN OVER STTN FROM,TAKEN OVER DVSN FROM,TAKEN OVER ZONE FROM,TAKEN OVER STTN TO,TAKEN OVER DVSN TO,TAKEN OVER ZONE TO,TAKEN OVER OWNR,TAKEN OVER LOAD NAME,TAKEN OVER L/E,TAKEN OVER CMDT,TAKEN OVER CNSR,TAKEN OVER CNSG,TAKEN OVER TYPE,TAKEN OVER MULTIDSTN DVSN(DSTN),TAKEN OVER MULTIDSTN UNITS,TAKEN OVER DS,TAKEN OVER 8W(L),TAKEN OVER 8W(E),TAKEN OVER 8W(BV),TAKEN OVER TOTL(8W),TAKEN OVER OWNG,TAKEN OVER LOCO,TAKEN OVER LOCO TYPE,TAKEN OVER LOCO UNTS,TAKEN OVER LOCO HRP,TAKEN OVER TIME,TAKEN OVER CC+6,TAKEN OVER CC+8,TAKEN OVER RAKEID,TAKEN OVER TWIN PIPE,TAKEN OVER CTGR,TAKEN OVER EXAM TYPE,TAKEN OVER TONNAGE(in Tonnes),TAKEN OVER LDNG DATE,HANDED  OVER INTERCHANGE POINT STATION,HANDED  OVER INTERCHANGE POINT DIVISION,HANDED  OVER INTERCHANGE POINT ZONE,HANDED OVER SR.NO.,TAKEN OVER INTERCHANGE  POINT STATION,TAKEN OVER INTERCHANGE  POINT DIVISION,TAKEN OVER INTERCHANGE  POINT ZONE,HANDED OVER DRTN,HANDED OVER STTN FROM,HANDED OVER DVSN FROM,HANDED OVER ZONE FROM,HANDED OVER STTN TO,HANDED OVER DVSN TO,HANDED OVER ZONE TO,HANDED OVER OWNR,HANDED OVER LOAD NAME,HANDED OVER L/E,HANDED OVER CMDT,HANDED OVER CNSR,HANDED OVER CNSG,HANDED OVER TYPE,HANDED OVER MULTIDSTN DVSN(DSTN),HANDED OVER MULTIDSTN UNITS,HANDED OVER DS,HANDED OVER 8W(L),HANDED OVER 8W(E),HANDED OVER 8W(BV),HANDED OVER TOTL(8W),HANDED OVER OWNG,HANDED OVER LOCO,HANDED OVER LOCO TYPE,HANDED OVER LOCO UNTS,HANDED OVER LOCO HRP,HANDED OVER TIME,HANDED OVER CC+6,HANDED OVER CC+8,HANDED OVER RAKEID,HANDED OVER TWIN PIPE,HANDED OVER CTGR,HANDED OVER EXAM TYPE,HANDED OVER TONNAGE(in Tonnes),HANDED OVER LDNG DATE
22-06-2025,WR,CR,BSR,1,KYN,JNPT,BB,CR,BNGD,BCT,WR,CNCR,CONCOR-V-=775,L,CONT,CONR,CONR,BLC,,,N,45,0,0,45.0+0.0,NR,43545,WAG9HC,SU,S,1:12,,Y,RYD 121124002252,N,C,Valid CC,2309.18,15:15 20-06-25,,,,1,,,,KYN,NVS,BCT,WR,CBF,SA,SR,CNCR,BCN,L,W,SIPK,SIPK,BCN,,,N,42,0,0,42.0+0.0,WC,23474,WAG5H,MU,N,1:09,,Y,DSN 241124164816,N,P,Premium Due,2742,15:15 20-06-25
22-06-2025,WR,CR,BSR,2,KYN,KYN,BB,CR,BRCY,BRC,WR,IR,KYN/BSR,E,,,,BCN,,,N,0,42,1,42.0+1.0,NC,43159,WAG9HC,SU,S,1:29,,,VGLJ310525124750,N,P,Invalid Premium,0,,SJN,WDFC,DFCR,,,,,,,,WR,,,SR,,,,,,,,,,,,,,,WC,23913,WAG5H,MU,N,,,,,N,,,,
22-06-2025,WR,CR,BSR,3,KYN,JSWD,BB,CR,BOR,BCT,WR,IR,JSWD/BOR,L,IS,JSWT,JSWK,SHRN,,,N,43,0,1,43.0+1.0,CR,33514,WAG9H,SU,N,1:48,,Y,BKDC250425053235,N,P,Premium Due,2208.95,04:10 20-06-25,,,,2,,,,KYN,UNGU,BCT,WR,KTIG,BB,CR,IR,UNGU/KTIG,L,IS,CJD,CJD,SHRN,,,N,43,0,1,43.0+1.0,WR,43792,WAG9HC,SU,S,1:31,,Y,BSPC140625081847,N,P,Premium Due,2751.15,04:10 20-06-25
22-06-2025,WR,CR,BSR,4,KYN,TPND,BB,CR,BRCY,BRC,WR,IR,TPND/BSR,E,,,,BCN,,,N,0,42,1,42.0+1.0,NW,43664,WAG9HC,SU,S,2:59,,,AGS 260425001750,N,P,Invalid Premium,0,,SJN,WDFC,DFCR,3,,,,KYN,FN,DLI,NR,LONI,PUNE,CR,IR,FN/LONI,L,AUTO,MSIL,MSIL,NMG,,,N,25,1,0,26.0+0.0,ER,28593,WAG7,SU,N,1:46,,Y,SSB 120525192117,N,P,Premium Due,92,
22-06-2025,WR,CR,BSR,5,KYN,KTIG,BB,CR,CMLK,WDFC,DFCR,CONR,CS=5/M-9,L,CONT,CONR,CONR,BLL,,,N,35,5,1,40.0+1.0,NR,32513,WAG9HC,SU,D,3:50,,Y,TNPM200423213525,Y,C,Valid CC,1710.62,08:00 21-06-25,SAH,WDFC,DFCR,4,,,,KYN,AFAS,BCT,WR,JNPT,BB,CR,CONR,ADANI-114-,L,CONT,ADIL,ADIL,BLC,,,N,45,0,1,45.0+1.0,WR,32408,WAG9HC,SU,D,2:08,,Y,SMYD100624212346,Y,C,Valid CC,586.93,08:00 21-06-25
22-06-2025,WR,CR,BSR,6,KYN,JNPT,BB,CR,AFAS,BCT,WR,APSE,ADANI-115-AD129,L,CONT,ADIL,ADIL,BLC,,,N,45,0,1,45.0+1.0,CR,60317,WAG12B,SU,D,4:37,,Y,SMYD230824200638,Y,C,Valid CC,1704.39,07:10 21-06-25,,,,5,,,,KYN,DAU,FZR,NR,PATP,BB,CR,APSE,BL-,L,W,FCI,FCI,BCBFG,,,N,50,0,1,50.0+1.0,NR,32281,WAG9HC,SU,D,3:30,,Y,UMB 070923225845,N,C,Valid CC,3067.39,07:10 21-06-25
22-06-2025,WR,CR,BSR,7,KYN,JSWT,UBL,SW,BRCY,BRC,WR,IR,BADRADRI=34,L,IS,JSWT,JSWT,BOXNHL,,,N,59,0,1,59.0+1.0,CR,27207,WAG7,TU,N,5:45,,Y,RDM 010625030056,Y,C,Valid CC,3476.93,,SAH,WDFC,DFCR,6,,,,KYN,AFAS,BCT,WR,JNPT,BB,CR,IR,AD-7-,L,CONT,ADIL,ADIL,BLC,,,N,3,42,1,45.0+1.0,NR,60131,WAG12B,SU,D,4:25,,Y,SMYD261024191142,Y,C,Valid CC,15,
22-06-2025,WR,CR,BSR,,,,,SW,,,WR,,,,,,,,,,,,,,,CR,27319,WAG7,TU,N,,,,,Y,,,,,,,,7,SAH,WDFC,DFCR,KYN,MSIB,ADI,WR,NDV,SBC,SW,IR,MSIB-NDV,L,AUTO,MSIL,MSIL,NMG,,,N,25,1,1,26.0+1.0,WR,24694,WAG7,SU,D,5:50,,Y,BEN 250724152912,Y,P,Valid Premium,90,
22-06-2025,WR,CR,BSR,,,,,SW,,,WR,,,,,,,LE,,,,,,,,CR,27319,WAG7,TU,N,,,,,Y,,,,,,,,7,SAH,WDFC,DFCR,KYN,MSIB,ADI,WR,NDV,SBC,SW,IR,MSIB-NDV,L,AUTO,MSIL,MSIL,NMG,,,N,25,1,1,26.0+1.0,WR,24694,WAG7,SU,D,5:50,,Y,BEN 250724152912,Y,P,Valid Premium,90,
22-06-2025,WR,CR,BSR,,,,,SW,,,WR,,,,,,,,,,,,,,,CR,28556,WAG7,TU,N,,,,,Y,,,,,,,,8,SAH,WDFC,DFCR,KYN,MKPP,PRYJ,NC,JNPT,BB,CR,IR,ARIL--1-,L,CONT,PMLP,PMLP,BLC,,,N,45,0,1,45.0+1.0,CR,60280,WAG12B,SU,D,6:31,,Y,MATP230524102015,N,C,Valid CC,1100.58,
22-06-2025,WR,CR,BSR,8,KYN,CCH,PUNE,CR,FN,DLI,NR,IR,CCH/FN/NMG,L,AUTO,TCOI,TCOI,NMG,,,N,25,0,0,25.0+0.0,EC,43387,WAG9HC,SU,S,6:43,,Y,NBQ 040425171631,N,P,Valid Premium,192,10:40 21-06-25,SJN,WDFC,DFCR,9,SAH,WDFC,DFCR,KYN,UTCK,JU,NW,CMCN,SC,SC,IR,GT-05H-,L,CONT,CONR,CONR,BLC,,,N,45,0,1,45.0+1.0,NW,38678,WAG9HC,SU,S,7:51,,Y,SMYD141224213438,Y,C,Valid CC,2954.7,10:40 21-06-25
22-06-2025,WR,CR,BSR,9,KYN,JNPT,BB,CR,CGPT,RTM,WR,CONR,SNF-R-=707,L,CONT,CONR,CONR,BLC,,,N,40,0,1,40.0+1.0,WR,28585,WAG7,SU,D,7:36,,Y,TICD020221194221,Y,C,Valid CC,422.78,15:00 21-06-25,SJN,WDFC,DFCR,10,,,,KYN,MKPP,PRYJ,NC,JNPT,BB,CR,CONR,RK-019,L,CONT,PMLP,PMLP,BLC,,,N,45,0,1,45.0+1.0,CR,60299,WAG12B,SU,D,7:52,,Y,VGLJ150324071037,Y,C,Valid CC,1338.17,15:00 21-06-25
22-06-2025,WR,CR,BSR,10,KYN,JNPT,BB,CR,AFAS,BCT,WR,ADIL,NTSJ-AD128,L,CONT,ADIL,ADIL,BLC,,,N,40,0,1,40.0+1.0,WR,24678,WAG7,SU,D,7:55,,Y,KTTW180323210114,Y,C,Valid CC,1070.77,07:00 21-06-25,,,,11,,,,KYN,AFAS,BCT,WR,JNPT,BB,CR,ADIL,ALIK011-,L,CONT,ADIL,ADIL,BLC,,,N,40,0,1,40.0+1.0,WR,41744,WAG9HC,SU,S,8:51,,Y,ALIK070625172359,Y,C,Valid CC,904.25,07:00 21-06-25
22-06-2025,WR,CR,BSR,11,KYN,MILK,BB,CR,MKIG,BRC,WR,DPWR,KRIL-15-,L,CONT,DPWR,DPWR,BLC,,,N,37,8,1,45.0+1.0,WR,43534,WAG9HC,SU,S,8:47,,Y,ARIK230924103414,Y,C,Valid CC,169.4,16:10 21-06-25,,,,12,,,,KYN,KLV,BCT,WR,JNPT,BB,CR,DPWR,AHOKA-7,L,CONT,CONR,CONR,BLC,,,N,45,0,0,45.0+0.0,WR,43772,WAG9HC,SU,S,9:32,,Y,PCPK061124164953,Y,C,Valid CC,1594.59,16:10 21-06-25
22-06-2025,WR,CR,BSR,12,KYN,VDP,MDU,SR,DNK,JP,NW,IR,DNK/NMGL,L,AUTO,TCOI,TCOI,NMG,,,N,22,0,0,22.0+0.0,WC,31170,WAG9,SU,D,9:17,Y,,TNPM070225061738,N,P,Valid Premium,200.2,22:00 16-06-25,SAH,WDFC,DFCR,13,SJN,WDFC,DFCR,KYN,CGPT,RTM,WR,JNPT,BB,CR,IR,J-27/MDCC,L,CONT,CONR,CONR,BLC,,,N,45,0,1,45.0+1.0,WR,43501,WAG9HC,SU,S,10:36,,Y,ICDD150425042501,Y,C,Valid CC,1382.8,22:00 16-06-25
22-06-2025,WR,CR,BSR,,,,,SR,,,NW,,,,,,,,,,,,,,,CR,70553,WDG4D,SU,N,,,,,N,,,,,,,,14,SJN,WDFC,DFCR,KYN,BRC,BRC,WR,KFCS,TVC,SR,IR,KFCS,L,W,FCI,FCI,BCN,,,N,42,0,1,42.0+1.0,WR,43952,WAG9HC,SU,S,10:58,Y,,STAR270525104656,Y,P,Premium Due,2688,22:00 16-06-25
22-06-2025,WR,CR,BSR,13,KYN,DRTA,BB,CR,HIMB,JBP,WC,CONR,T-100H--=HIMB,L,CONT,CONR,CONR,BLC,,,N,45,0,1,45.0+1.0,WR,60504,WAG12B,SU,N,9:36,,Y,TKD 250823202927,Y,C,Valid CC,225,02:30 22-06-25,JL,BSL,CR,15,,,,KYN,AFAS,BCT,WR,JNPT,BB,CR,CONR,AD--4-,L,CONT,ADIL,ADIL,BLC,,,N,45,0,0,45.0+0.0,WR,28618,WAG7,SU,D,11:53,,Y,JUDW160923133556,Y,C,Valid CC,984.98,02:30 22-06-25
22-06-2025,WR,CR,BSR,14,KYN,JNPT,BB,CR,AFAS,BCT,WR,ADIL,PALB-RK3AD126,L,CONT,ADIL,ADIL,BLC,,,N,45,0,1,45.0+1.0,WR,41438,WAG9HC,SU,S,10:16,,Y,PALB040425060928,Y,C,Valid CC,1317.64,03:45 21-06-25,,,,16,SAH,WDFC,DFCR,KYN,MSIB,ADI,WR,IGCS,SA,SR,ADIL,MSIB/IGCS,L,AUTO,MSIL,MSIL,NMG,,,N,25,0,0,25.0+0.0,NR,60093,WAG12B,SU,D,13:25,,Y,BEN 300523174408,N,P,Invalid Premium,100,03:45 21-06-25
22-06-2025,WR,CR,BSR,15,KYN,JNPT,BB,CR,CGMV,BRC,WR,CONR,E/BLC/DER=705,L,CONT,CONR,CONR,BLC,,,N,45,0,0,45.0+0.0,WR,33279,WAG9HC,SU,S,10:42,,Y,VGLJ220125033421,Y,C,Valid CC,434.74,13:30 21-06-25,SAH,WDFC,DFCR,17,SAH,WDFC,DFCR,KYN,HLDD,IZN,NE,NVU,UBL,SW,CONR,NVU,L,AUTO,TCOI,TCOI,NMG,,,N,25,0,0,25.0+0.0,NW,43759,WAG9HC,SU,S,14:02,,Y,TNPM031224135657,N,P,Invalid Premium,126,13:30 21-06-25
22-06-2025,WR,CR,BSR,16,KYN,NDV,SBC,SW,MSIB,ADI,WR,IVCL,IVCLLTP-2,E,,,,BCACBM,,,N,0,27,1,27.0+1.0,EC,41805,WAG9HC,SU,S,11:00,,,SMYD130424051818,Y,C,CC OverDue,0,,SJN,WDFC,DFCR,18,,,,KYN,PIDN,RTM,WR,JNPT,BB,CR,IVCL,KRIL-35---,L,CONT,DPWR,DPWR,BLC,,,N,40,0,1,40.0+1.0,NE,43641,WAG9HC,SU,S,15:34,,Y,MKIG210924172113,Y,C,Valid CC,1124.53,
22-06-2025,WR,CR,BSR,17,KYN,JSWD,BB,CR,BOR,BCT,WR,JSWT,JSWD-6-,L,IS,JSWT,JSWK,BFNV,,,N,58,0,0,58.0+0.0,WC,38966,WAG9HC,SU,N,11:31,,Y,HPT 271021120356,Y,C,Valid CC,3368.26,23:40 19-06-25,,,,19,SAH,WDFC,DFCR,KYN,CGMV,BRC,WR,JNPT,BB,CR,JSWT,J44-,L,CONT,CONR,CONR,BLC,,,N,45,0,1,45.0+1.0,NR,43484,WAG9HC,SU,S,16:08,,Y,CTKR260525201019,Y,C,Valid CC,362.14,23:40 19-06-25
22-06-2025,WR,CR,BSR,18,KYN,JNPT,BB,CR,AFAS,BCT,WR,ADIL,AD---77-AD127,L,CONT,ADIL,ADIL,BLC,,,N,45,0,0,45.0+0.0,NR,60113,WAG12B,SU,D,13:13,,Y,SMYD080225085309,Y,C,Valid CC,1286.53,05:00 21-06-25,,,,20,SJN,WDFC,DFCR,KYN,AJL,FZR,NR,UGR,UBL,SW,ADIL,TORALTP-08-,L,R,FCI,FCI,BCNHL,,,N,58,0,1,58.0+1.0,NR,60085,WAG12B,SU,D,17:30,Y,,GIMY090724170210,Y,C,Valid CC,3683,05:00 21-06-25
22-06-2025,WR,CR,BSR,19,KYN,MBPP,BB,CR,LPBP,UMB,NR,BPC,MBPP/LPBP,L,LPG,BPC,BPC,BTPG,,,N,30,2,2,32.0+2.0,CR,60455,WAG12B,SU,D,13:13,,Y,SBB 020625140104,Y,P,Premium Due,1128,23:30 21-06-25,SJN,WDFC,DFCR,21,,,,KYN,BLD,BCT,WR,CRTK,BB,CR,BPC,ASHOKAP-20,L,CONT,CONR,CONR,BLC,,,N,45,0,1,45.0+1.0,WR,38812,WAG9HC,SU,N,17:47,,Y,PCPK230924182317,Y,C,Valid CC,2926.2,23:30 21-06-25
22-06-2025,WR,CR,BSR,20,KYN,JSWD,BB,CR,CWCJ,ADI,WR,JSWT,JSWD-,L,IS,JSWT,JSWT,BFNV,,,N,58,0,0,58.0+0.0,NR,33361,WAG9HC,SU,S,13:57,,Y,HPT 160822122132,Y,C,Valid CC,3279.32,12:00 21-06-25,SJN,WDFC,DFCR,22,SAH,WDFC,DFCR,KYN,AOMM,ADI,WR,MAAM,SBC,SW,JSWT,ADANI-112,L,CONT,ILSL,ILSL,BLC,,,N,45,0,1,45.0+1.0,WC,43565,WAG9HC,SU,S,18:06,,Y,SMYD130525201712,Y,C,Valid CC,3174.3,12:00 21-06-25
22-06-2025,WR,CR,BSR,21,KYN,JNPT,BB,CR,CGMV,BRC,WR,CONR,ICDD/JNPT-=715,L,CONT,CONR,CONR,BLC,,,N,45,0,1,45.0+1.0,WR,33718,WAG9HC,SU,D,14:15,,Y,GMC 061024012241,Y,C,Valid CC,665.45,23:40 21-06-25,SJN,WDFC,DFCR,23,,,,KYN,VDH,BCT,WR,JNPT,BB,CR,CONR,AD--6-,L,CONT,ADIL,ADIL,BLC,,,N,45,0,0,45.0+0.0,NR,41701,WAG9HC,SU,D,18:40,,Y,UMB 290122224007,Y,C,Valid CC,2464.26,23:40 21-06-25
22-06-2025,WR,CR,BSR,22,KYN,JNPT,BB,CR,AFAS,BCT,WR,APSE,AD-104-ADIL=111,L,CONT,ADIL,ADIL,BLC,,,N,45,0,1,45.0+1.0,CR,60257,WAG12B,SU,D,15:45,,Y,CEBD040324181021,Y,C,Valid CC,1881.32,06:30 18-06-25,,,,24,,,,KYN,ROZA,MB,NR,WH,PGT,SR,APSE,H==WH,L,W,KAFO,KAFO,BCN,,,N,42,0,1,42.0+1.0,WC,31807,WAG9H,SU,D,18:45,,Y,ED  261024043209,N,P,Valid Premium,2739,06:30 18-06-25
22-06-2025,WR,CR,BSR,23,KYN,JNPT,BB,CR,MKPP,PRYJ,NC,SCAL,PRIS-17-=PMLP17,L,CONT,PMLP,PMLP,BLC,,,N,34,11,1,45.0+1.0,WC,43724,WAG9HC,SU,S,16:43,,Y,VGLJ120224202917,Y,C,Valid CC,1178.81,23:30 21-06-25,NAD,KOTA,WC,25,,,,KYN,NVS,BCT,WR,SLI,PUNE,CR,SCAL,PPSP/SLI,L,IMFT,KRIB,KRIB,BCN,,,N,42,0,1,42.0+1.0,NF,38625,WAG9HC,SU,N,19:11,,Y,DSN 160724201942,N,P,Invalid Premium,2739,23:30 21-06-25
22-06-2025,WR,CR,BSR,24,KYN,JOKT,PGT,SR,BRCY,BRC,WR,IR,BCNHLE52,E,,,,BCNHL,,,N,0,58,1,58.0+1.0,WR,43727,WAG9HC,SU,S,17:36,,,SMP 170520160010,Y,C,CC OverDue,0,,,,,26,,,,KYN,AFAS,BCT,WR,JNPT,BB,CR,IR,ADANI-003--,L,CONT,ADIL,ADIL,BLC,,,N,45,0,1,45.0+1.0,WR,28757,WAG7,SU,D,19:31,,Y,SMYD230525195901,Y,C,Valid CC,1144.18,
22-06-2025,WR,CR,BSR,25,KYN,JNPT,BB,CR,AFAS,BCT,WR,CONR,NTSJ-01-=ADIL130,L,CONT,ADIL,ADIL,BLC,,,N,45,0,0,45.0+0.0,EC,32399,WAG9HC,SU,N,18:22,,Y,UMB 060522023217,Y,C,Valid CC,1398.85,17:15 21-06-25,,,,27,,,,KYN,URN,BRC,WR,SSV,PUNE,CR,CONR,KDLP/SSV,L,IMFT,CFCL,CFCL,BCN,,,N,21,21,1,42.0+1.0,SEC,38656,WAG9HC,SU,N,21:05,,Y,JRBM130225091041,N,P,Valid Premium,1386,17:15 21-06-25
22-06-2025,WR,CR,BSR,26,KYN,JNPT,BB,CR,CCTA,BRC,WR,CONR,J-5H/---=713,L,CONT,CONR,CONR,BLC,,,N,45,0,0,45.0+0.0,WR,43551,WAG9HC,SU,S,18:37,,Y,ICDD050525223546,N,C,Valid CC,1452.17,23:35 21-06-25,,,,28,SJN,WDFC,DFCR,KYN,KOD,ADI,WR,SLI,PUNE,CR,CONR,KOD/SLI,L,SALT,JNNS,MCDS,BCN,,,N,21,21,1,42.0+1.0,EC,28729,WAG7,SU,S,21:10,,Y,NJPT310722213530,N,P,Valid Premium,1328.9,23:35 21-06-25
22-06-2025,WR,CR,BSR,27,KYN,CCH,PUNE,CR,FN,DLI,NR,IR,CCH-FN-NMG,L,AUTO,TCOI,TCOI,NMG,,,N,25,1,0,26.0+0.0,EC,38502,WAG9HC,SU,N,18:45,,Y,TNPM260425111503,N,P,Valid Premium,136,21:30 21-06-25,SJN,WDFC,DFCR,29,SJN,WDFC,DFCR,KYN,CGMV,BRC,WR,JNPT,BB,CR,IR,R-153H--,L,CONT,CONR,CONR,BLC,,,N,45,0,1,45.0+1.0,NR,60239,WAG12B,SU,D,22:15,,Y,CTKR301024123849,Y,C,Valid CC,603.1,21:30 21-06-25
22-06-2025,WR,CR,BSR,28,KYN,SXB,UBL,SW,SCLS,ADI,WR,CONR,R--56H--,L,CONT,CONR,CONR,BLC,,,N,45,0,1,45.0+1.0,CR,60400,WAG12B,SU,N,20:09,,Y,TICD220823154342,Y,C,Valid CC,243,20:30 19-06-25,SAH,WDFC,DFCR,30,,,,KYN,AML,BCT,WR,CRTK,BB,CR,CONR,J-31H---,L,CONT,CONR,CONR,BLC,,,N,45,0,1,45.0+1.0,WC,32751,WAG9H,SU,S,23:22,Y,,CTKR290125085538,Y,C,Valid CC,2673,20:30 19-06-25
22-06-2025,WR,CR,BSR,29,KYN,MLPB,KAWR,KR,ICPH,FZR,NR,CONR,BLC/SPL-=731,L,CONT,CONR,CONR,BLC,,,N,45,0,0,45.0+0.0,NC,33045,WAG9H,SU,S,20:55,,Y,VGLJ240524175958,Y,C,Valid CC,3033,09:45 21-06-25,SAH,WDFC,DFCR,31,,,,KYN,GGAR,BCT,WR,JNPT,BB,CR,CONR,PALB-AD/108,L,CONT,ADIL,ADIL,BLC,,,N,45,0,0,45.0+0.0,NR,32142,WAG9HC,SU,D,23:40,,Y,PALB160425123839,Y,C,Valid CC,1869.26,09:45 21-06-25
22-06-2025,WR,CR,BSR,30,KYN,JSWT,UBL,SW,BOR,BCT,WR,IR,BOR-CONC-18:20,L,IS,JSWT,JSWK,SHRN,,,N,43,0,1,43.0+1.0,CR,27184,WAG7,MU,N,22:01,,Y,FPY 011124115440,N,,Intensive,2657.12,,,,,32,SJN,WDFC,DFCR,KYN,CCMP,BPL,WC,JNPT,BB,CR,IR,ASHOKAP-R19,L,CONT,CONR,CONR,BLC,,,N,40,0,1,40.0+1.0,NW,43516,WAG9HC,SU,S,23:50,,Y,PCPK120625192514,Y,C,Valid CC,1291.1,
22-06-2025,WR,CR,BSR,,,,,SW,,,WR,,,,,,,,,,,,,,,CR,27276,WAG7,MU,N,,,,,N,,,,,,,,33,SAH,WDFC,DFCR,KYN,TICD,DLI,NR,JNPT,BB,CR,IR,JS-14--,L,CONT,CONR,CONR,BLC,,,N,18,22,1,40.0+1.0,WC,32064,WAG9H,SU,S,23:54,,Y,ICDG040924185043,Y,C,Valid CC,474.06,
22-06-2025,WR,CR,BSR,31,KYN,JNPT,BB,CR,CGMV,BRC,WR,CONR,T=93H--=721,L,CONT,CONR,CONR,BLC,,,N,45,0,1,45.0+1.0,CR,60280,WAG12B,SU,D,22:15,,Y,TICD190225012127,Y,C,Valid CC,453.41,23:55 21-06-25,SAH,WDFC,DFCR,,,,,,,,,,,,,,,,,,,,,,,,,,,,,,,,,,,,,,,
22-06-2025,WR,CR,BSR,32,KYN,DRTA,BB,CR,CCMP,BPL,WC,CNCR,E/BLC-MDCC-=CCMP,L,CONT,CONR,CONR,BLC,,,N,45,0,1,45.0+1.0,CR,31223,WAG9H,SU,N,23:08,,Y,VGLJ290125003955,Y,C,Valid CC,225,02:25 20-06-25,,,,,,,,,,,,,,,,,,,,,,,,,,,,,,,,,,,,,,,,,,
22-06-2025,WR,CR,BSR,33,KYN,SSV,PUNE,CR,BRCY,BRC,WR,IR,SSV-BCNE,E,,,,BCN,,,N,0,42,1,42.0+1.0,WR,41669,WAG9HC,SU,D,23:30,,,STA 121124160557,N,,Intensive,0,,SAH,WDFC,DFCR,,,,,,,,,,,,,,,,,,,,,,,,,,,,,,,,,,,,,,,
22-06-2025,WR,CR,BSR,34,KYN,MBPP,BB,CR,BPAG,DLI,NR,BPC,BHARAT-06=BPAG,L,LPG,BPC,BPC,BTPG,,,N,25,6,1,31.0+1.0,SC,33602,WAG9HC,SU,N,23:40,,Y,SBB 290423154751,Y,C,Valid CC,940,14:00 22-06-25,NAD,KOTA,WC,,,,,,,,,,,,,,,,,,,,,,,,,,,,,,,,,,,,,,,
22-06-2025,WR,CR,BSR,35,KYN,JNPT,BB,CR,AFAS,BCT,WR,GIPL,RK-42-ADIL=136,L,CONT,ADIL,ADIL,BLC,,,N,45,0,1,45.0+1.0,CR,60395,WAG12B,SU,D,23:53,,Y,MNDV260822213847,Y,C,Valid CC,1663.79,07:15 22-06-25,,,,,,,,,,,,,,,,,,,,,,,,,,,,,,,,,,,,,,,,,,
22-06-2025,WR,CR,JL,1,NDB,BSL,BSL,CR,BRCY,BRC,WR,IR,BCN/E,E,,,,BCN,,,N,0,42,1,42.0+1.0,WC,41902,WAG9HC,SU,S,3:30,,,DSN 300325115216,N,P,Premium Due,0,,,,,1,,,,NDB,KPRK,ADI,WR,MTDI,NED,SC,CONR,MTDI/DAP,L,INPK,MALI,MALI,BCN,,,N,42,0,1,42.0+1.0,WC,31607,WAG9H,SU,D,2:35,,Y,MRJ 200225025514,N,P,Invalid Premium,2525.88,23:55 21-06-25
22-06-2025,WR,CR,JL,2,NDB,JCSK,NGP,CR,UNGU,BCT,WR,CN,MSTB07-,L,CONT,NCLC,NCLC,BLL,,,N,25,15,0,40.0+0.0,ER,41799,WAG9HC,SU,S,4:40,,Y,MSTB161024114718,Y,C,Valid CC,115,15:00 20-06-25,,,,2,,,,NDB,MAPD,BRC,WR,RGTM,NGP,CR,CNCR,KOTA--163,L,GYP,KKTC,RECC,BOXNHL,,,N,58,0,1,58.0+1.0,SR,27470,WAG7,MU,N,3:50,,Y,KTTY050425145237,Y,C,Valid CC,3886.8,02:25 20-06-25
22-06-2025,WR,CR,JL,3,NDB,NLOD,WAT,ECO,DGFJ,BRC,WR,IILP,DGFJ/BLC,L,CONT,NOMA,JKTI,BLC,,,N,45,0,1,45.0+1.0,SC,41515,WAG9HC,SU,N,5:15,,Y,JUDW060123110640,Y,C,Valid CC,270,23:50 16-06-25,,,,,,,,,,,WR,,,CR,,,,,,,,,,,,,,,SR,27497,WAG7,MU,N,,,,,Y,,,,
22-06-2025,WR,CR,JL,4,NDB,ICDW,SBC,SW,SCLS,ADI,WR,CONR,R-113H--,L,CONT,CONR,CONR,BLC,,,N,45,0,1,45.0+1.0,SC,38025,WAG9HC,SU,N,9:15,,Y,TICD270525062339,N,C,Valid CC,239.26,10:00 17-06-25,,,,3,,,,NDB,PDP,BCT,WR,BSL,BSL,CR,BPC,TPDDU1138-,E,,,,BOXNHL,,,N,0,59,1,59.0+1.0,CR,31455,WAG9H,SU,N,13:50,,,DDU 140325021730,Y,C,Valid CC,0,14:00 22-06-25
22-06-2025,WR,CR,JL,5,NDB,BSL,BSL,CR,BRCY,BRC,WR,IR,BCNE,E,,,,BCN,,,N,0,42,1,42.0+1.0,CR,60467,WAG12B,SU,N,10:25,,,BZA 151224043104,N,P,Valid Premium,0,,NOL,WDFC,DFCR,4,NOL,WDFC,DFCR,NDB,PPSP,BVC,WR,BD,BSL,CR,GIPL,BCNL,L,IMFT,KRIB,KRIB,BCN,,,N,42,1,1,43.0+1.0,WR,43620,WAG9HC,SU,S,14:00,,Y,VGLJ151124122945,N,P,Premium Due,2734.15,07:15 22-06-25
22-06-2025,WR,CR,JL,6,NDB,OKSR,BSP,SEC,SPNG,BCT,WR,IR,BLUE-HANS-SPNG,L,PHC,SECL,JNDP,BOXNHL,,,N,58,0,1,58.0+1.0,WR,43541,WAG9HC,SU,S,10:55,,Y,BSL 150625063519,Y,C,Valid CC,4017.55,09:35 19-06-25,,,,5,,,,NDB,DRTA,BB,CR,MAVB,SBP,ECO,IR,CONCOR-C-=MAVB,L,CONT,CONR,CONR,BLC,,,N,45,0,1,45.0+1.0,CR,41994,WAG9HC,MU,S,14:21,,Y,CCJS100225161948,Y,C,Valid CC,225,
22-06-2025,WR,CR,JL,7,NDB,BSL,BSL,CR,KRCA,BRC,WR,IR,KAZIRANGA-13,E,FOIL,,,BTPN,,,N,0,50,2,50.0+2.0,NR,33791,WAG9HC,SU,S,12:11,,,NJPT140425153954,N,C,Valid CC,0,,,,,,,,,,,,CR,,,ECO,,,,,,,,,,,,,,,CR,43722,WAG9HC,MU,N,,,,,Y,,,,
22-06-2025,WR,CR,JL,8,NDB,PMCJ,BSP,SEC,TPHS,BCT,WR,IR,NKJ-LION-TPHS,L,PHC,MCWP,GSEC,BOXNHL,,,N,58,0,1,58.0+1.0,SR,27468,WAG7,MU,N,14:10,,Y,NKJ 210325100907,Y,C,Valid CC,4020.04,23:50 19-06-25,,,,6,,,,NDB,TPHS,BCT,WR,BSL,BSL,CR,IILP,BN-65,E,,,,BOXN,,,N,0,59,1,59.0+1.0,CR,38412,WAG9HC,MU,N,14:54,,,PTRU230324235006,N,P,Premium Due,0,23:50 16-06-25
22-06-2025,WR,CR,JL,,,,,SEC,,,WR,,,,,,,,,,,,,,,SR,27472,WAG7,MU,N,,,,,Y,,,,,,,,,,,,,,,WR,,,CR,,,,,,,,,,,,,,,CR,43055,WAG9HC,MU,N,,,,,N,,,,
22-06-2025,WR,CR,JL,9,NDB,GPCK,BSP,SEC,AEMD,BCT,WR,IR,PEE-5387-AEMD,L,PHC,SECL,ADEM,BOXNHL,,,N,59,0,1,59.0+1.0,WC,31196,WAG9,SU,D,14:35,,Y,BZA 300722024309,N,P,Invalid Premium,4095.96,13:30 18-06-25,,,,7,,,,NDB,TPHS,BCT,WR,BSL,BSL,CR,IR,YARADA-V-532,E,,,,BOXN,,,N,0,59,1,59.0+1.0,ECO,41550,WAG9HC,SU,N,15:43,,,EMTY220425014441,N,C,CC OverDue,0,
22-06-2025,WR,CR,JL,10,NDB,BSL,BSL,CR,BRCY,BRC,WR,IR,BCN/E,E,,,,BCNAHSM1,,,N,0,42,1,42.0+1.0,WR,43601,WAG9HC,SU,S,15:15,,,NHYD010325074845,N,P,Valid Premium,0,,,,,8,,,,NDB,MKIG,BRC,WR,C,CPT,CPT,IR,KRIL-33--,L,CONT,DPWR,DPWR,BLC,,,N,40,0,1,40.0+1.0,SEC,65008,EF12K,SU,N,16:33,,Y,C   260324211921,Y,C,Valid CC,2363.08,09:35 19-06-25
22-06-2025,WR,CR,JL,11,NDB,DPH,R,SEC,TPHS,BCT,WR,IR,N/TPHS,L,NCOL,CPCB,GSEC,BOXN,,,N,59,0,1,59.0+1.0,EC,41501,WAG9HC,SU,S,15:47,,Y,BJE 181224083754,N,P,Valid Premium,4065.39,23:30 18-06-25,,,,9,NOL,WDFC,DFCR,NDB,WKR,RJT,WR,BIA,R,SEC,IR,BIA/EUR27-,E,,,,BRN,,,N,0,22,0,22.0+0.0,WR,43718,WAG9HC,SU,S,17:05,,,BSPC200325095047,Y,C,Valid CC,0,
22-06-2025,WR,CR,JL,12,NDB,GPCK,BSP,SEC,TPHS,BCT,WR,IR,SB-162-TPHS,L,PHC,ACB,GSEC,BOXN,,,N,59,0,1,59.0+1.0,SE,27918,WAG7,MU,N,16:52,,Y,BKEY010625001057,N,P,Valid Premium,4095.7,23:35 19-06-25,,,,10,NOL,WDFC,DFCR,NDB,MSIB,ADI,WR,NDV,SBC,SW,IR,MSIB/NDV,L,AUTO,MSIL,MSIL,NMG,,,N,25,1,1,26.0+1.0,NC,41447,WAG9H,SU,N,19:30,,Y,SSB 261024054222,N,P,Valid Premium,95,23:50 19-06-25
22-06-2025,WR,CR,JL,,,,,SEC,,,WR,,,,,,,,,,,,,,,SE,27971,WAG7,MU,N,,,,,N,,,,,,,,11,,,,NDB,PDP,BCT,WR,AWB,NED,SC,IR,KBCS/AWB,L,FERT,KRIB,KRIB,BCN,,,N,42,0,1,42.0+1.0,SC,43001,WAG9H,SU,N,21:45,,Y,STA 250324225906,N,P,Valid Premium,2650.94,23:50 19-06-25
22-06-2025,WR,CR,JL,13,NDB,GGS,NGP,CR,TPHS,BCT,WR,IR,SRIVALI-V-116,L,PHC,WCF,GSEC,BOXNS,,,N,59,0,1,59.0+1.0,ER,38199,WAG9HC,SU,S,17:25,,Y,EMTY210525093402,Y,C,Valid CC,4092.5,14:45 21-06-25,,,,12,NOL,WDFC,DFCR,NDB,BVTD,BVC,WR,DPMT,HYB,SC,IR,SPM-263,L,SALT,NIRL,NIRL,BCN,,,N,42,0,1,42.0+1.0,WR,42309,WAG9HC,SU,N,22:25,Y,,TNPM070225152227,N,P,Valid Premium,2631.4,13:30 18-06-25
22-06-2025,WR,CR,JL,14,NDB,BSL,BSL,CR,BRCY,BRC,WR,IR,BCN/E,E,,,,BCN,,,N,0,42,1,42.0+1.0,WC,41845,WAG9HC,SU,S,17:40,,,GIMY310325194048,Y,P,Invalid Premium,0,,,,,13,,,,NDB,USD,BCT,WR,BSL,BSL,CR,IR,USD/NE,E,,,,BOXNHL,,,N,0,58,1,58.0+1.0,CR,31110,WAG9,MU,D,22:42,,,PTRU111124163917,N,P,Invalid Premium,0,
22-06-2025,WR,CR,JL,15,NDB,MMR,BSL,CR,BSL,BSL,CR,IR,BCNE/-MMR,E,,,,BCN,,,N,0,42,1,42.0+1.0,CR,38412,WAG9HC,MU,N,19:20,,,ED  221024231410,N,P,Invalid Premium,0,,,,,,,,,,,,WR,,,CR,,,,,,,,,,,,,,,CR,33559,WAG9H,MU,N,,,,,N,,,,
22-06-2025,WR,CR,JL,,,,,CR,,,CR,,,,,,,,,,,,,,,CR,43055,WAG9HC,MU,N,,,,,N,,,,,,,,,,,,,,,,,,,,,,,,,,,,,,,,,,,,,,,,,,,,,,
22-06-2025,WR,CR,JL,16,NDB,NK,BSL,CR,BSL,BSL,CR,IR,BCN/E,E,,,,BCN,,,N,0,42,1,42.0+1.0,WR,32649,WAG9HC,SU,D,20:05,,,ERM 010525195958,N,P,Invalid Premium,0,,NOL,WDFC,DFCR,,,,,,,,,,,,,,,,,,,,,,,,,,,,,,,,,,,,,,,
22-06-2025,WR,CR,JL,17,NDB,MBMB,KUR,ECO,BOR,BCT,WR,TMIT,BFNS/BOR-02,L,IS,TMIT,TMIT,BFNV,,,N,58,0,1,58.0+1.0,SEC,33100,WAG9HC,MU,N,20:33,,Y,MJMK261223172732,N,,Intensive,3785.3,19:40 13-06-25,,,,,,,,,,,,,,,,,,,,,,,,,,,,,,,,,,,,,,,,,,
22-06-2025,WR,CR,JL,,,,,ECO,,,WR,,,,,,,,,,,,,,,SEC,41286,WAG9HC,MU,N,,,,,N,,,,,,,,,,,,,,,,,,,,,,,,,,,,,,,,,,,,,,,,,,,,,,
22-06-2025,WR,CR,JL,18,NDB,PCPK,NGP,CR,JNPT,BB,CR,CONR,R-43H-/PPS-,L,CONT,CONR,CONR,BLC,,,N,45,0,1,45.0+1.0,WR,43954,WAG9HC,SU,S,21:43,,Y,ICDD220125170438,Y,C,Valid CC,2638.24,06:45 20-06-25,BSR,BB,CR,,,,,,,,,,,,,,,,,,,,,,,,,,,,,,,,,,,,,,,
22-06-2025,WR,CR,JL,19,NDB,JRGR,BSP,SEC,AEMD,BCT,WR,IR,PRE-09/06-AEMD,L,PHC,SECL,ADEM,BOXN,,,N,58,0,1,58.0+1.0,WR,23691,WAG5H,MU,N,22:00,,Y,BNDM230425175837,N,P,Invalid Premium,4022.3,13:00 19-06-25,,,,,,,,,,,,,,,,,,,,,,,,,,,,,,,,,,,,,,,,,,
22-06-2025,WR,CR,JL,,,,,SEC,,,WR,,,,,,,,,,,,,,,WR,23808,WAG5H,MU,N,,,,,N,,,,,,,,,,,,,,,,,,,,,,,,,,,,,,,,,,,,,,,,,,,,,,
22-06-2025,WR,CR,JL,20,NDB,PCPK,NGP,CR,JNPT,BB,CR,CONR,SNF-R-20,L,CONT,CONR,CONR,BLC,,,N,45,0,0,45.0+0.0,WC,41968,WAG9HC,SU,S,23:13,,Y,CSTN011024164343,N,C,Valid CC,1946.5,00:30 22-06-25,BSR,BB,CR,,,,,,,,,,,,,,,,,,,,,,,,,,,,,,,,,,,,,,,
22-06-2025,WR,CR,JL,21,NDB,HSLH,R,SEC,TSWS,BRC,WR,IR,YARADA-R-548,L,NPHC,MCWP,GSEC,BOXN,,,N,59,0,1,59.0+1.0,WC,23908,WAG5H,MU,N,23:42,,Y,RYD 040525090500,Y,C,Valid CC,4087.24,02:20 20-06-25,,,,,,,,,,,,,,,,,,,,,,,,,,,,,,,,,,,,,,,,,,
22-06-2025,WR,CR,JL,,,,,SEC,,,WR,,,,,,,,,,,,,,,WC,23934,WAG5H,MU,N,,,,,Y,,,,,,,,,,,,,,,,,,,,,,,,,,,,,,,,,,,,,,,,,,,,,,
22-06-2025,WR,CR,KNW,,,,,,,,,,,,,,,,,,,,,,,,,,,,,,,,,,,,,,,,1,,,,INDB,NKR,RTM,WR,BSPR,BSP,SEC,IR,NKJ-LION-1604,E,,,,BOXNHL,,,N,0,59,1,59.0+1.0,ER,43822,WAG9HC,SU,S,13:33,,,NKJ 070125072113,N,P,Invalid Premium,0,23:35 19-06-25
22-06-2025,WR,DFCR,BHET,1,UP,JNPT,BB,CR,CGPT,RTM,WR,CONR,SNF-R-=707,L,CONT,CONR,CONR,BLC,,,N,40,0,1,40.0+1.0,WR,28585,WAG7,SU,D,13:45,,Y,TICD020221194221,Y,C,Valid CC,422.78,15:00 21-06-25,,,,,,,,,,,,,,,,,,,,,,,,,,,,,,,,,,,,,,,,,,
22-06-2025,WR,DFCR,BHU,1,UP,ICDK,JP,NW,PPSP,BVC,WR,CONR,JS-4--,L,CONT,CONR,CONR,BLC,,,N,23,17,1,40.0+1.0,WR,49388,WDG4G,SU,N,0:50,Y,,TICD200325042357,Y,C,Valid CC,1064.43,22:00 20-06-25,,,,,,,,,,,,,,,,,,,,,,,,,,,,,,,,,,,,,,,,,,
22-06-2025,WR,DFCR,BHU,2,UP,IBBM,DLI,NR,PPSP,BVC,WR,BXTS,TXBT-16--,L,CONT,BXTS,BXTS,BLC,,,N,45,0,1,45.0+1.0,NF,38870,WAG9HC,SU,S,7:30,,Y,NHYD131221071659,Y,C,Valid CC,1353.47,13:45 20-06-25,,,,,,,,,,,,,,,,,,,,,,,,,,,,,,,,,,,,,,,,,,
22-06-2025,WR,DFCR,BHU,3,UP,GFPA,UMB,NR,DCCK,ADI,WR,CONR,GFPA/DCCK,L,CONT,CONR,CONR,BKI,,,N,40,0,1,40.0+1.0,NR,38096,WAG9HC,SU,S,19:05,,Y,SMYD100622161432,N,P,Valid Premium,200,12:40 20-06-25,,,,,,,,,,,,,,,,,,,,,,,,,,,,,,,,,,,,,,,,,,
22-06-2025,WR,DFCR,BHU,4,UP,UNCK,WDFC,DFCR,BH,BRC,WR,IR,UNCK/BH/BL,L,CEMT,UTCL,UTCL,BCN,"BCT(BL), BRC(BH)",21+21,N,42,0,1,42.0+1.0,WR,49260,WDG4G,SU,N,21:45,,Y,GD  190724140911,N,P,Valid Premium,2772,11:00 22-06-25,,,,,,,,,,,,,,,,,,,,,,,,,,,,,,,,,,,,,,,,,,
22-06-2025,WR,DFCR,CECC,1,UP,CMLK,WDFC,DFCR,MDCC,ADI,WR,CONR,T--102---,L,CONT,CONR,CONR,BLC,,,Y,45,0,0,45.0+0.0,WR,33710,WAG9HC,SU,D,1:58,,Y,TICD130325212036,Y,C,Valid CC,1043.94,02:15 21-06-25,,,,1,,,,DN,MDCC,ADI,WR,GDGH,DLI,NR,IR,PGFS,L,CONT,GRPL,GRPL,BLC,,,Y,45,0,1,45.0+1.0,NR,49047,WDG4G,SU,N,1:45,,Y,ACDA061119173450,Y,C,Valid CC,2549.41,23:35 19-06-25
22-06-2025,WR,DFCR,CECC,2,UP,PDLL,DLI,NR,MDCC,ADI,WR,ADAL,AD-*05-ALIK-MJCG,L,CONT,ADIL,ADIL,BLC,,,Y,40,0,1,40.0+1.0,WR,43896,WAG9HC,SU,S,4:09,,Y,JUDW050324210203,Y,C,Valid CC,948.92,03:20 21-06-25,,,,2,,,,DN,SNLR,ADI,WR,AMG,LKO,NR,IR,AMG/SALT,L,SALT,MULT,MULT,BCN,,,N,42,0,1,42.0+1.0,NR,49003,WDG4G,SU,N,3:10,,Y,ED  240525050522,Y,P,Valid Premium,2703.4,14:45 21-06-25
22-06-2025,WR,DFCR,CECC,3,UP,PDLL,DLI,NR,MDCC,ADI,WR,CN,GPHK-6-,L,CONT,ADIL,ADIL,BLC,,,Y,40,0,1,40.0+1.0,NW,12551,WDG4,SU,N,6:25,,Y,LLH 311018172636,Y,C,Valid CC,709.47,11:15 21-06-25,,,,3,,,,DN,MDCC,ADI,WR,DGRN,WDFC,DFCR,IR,PLPC-3-,L,CONT,PMLP,PMLP,BLC,,,Y,40,0,1,40.0+1.0,NR,49002,WDG4G,SU,N,4:43,,Y,UMB 060625181353,Y,C,,2031.43,
22-06-2025,WR,DFCR,CECC,4,UP,FL,JP,NW,GIMB,ADI,WR,IR,FL/E-BCN,E,,,,BCN,,,N,0,42,0,42.0+0.0,WR,69035,WDG6G,SU,N,8:09,,,NPRY130225002408,Y,P,Valid Premium,0,,,,,4,,,,DN,MDCC,ADI,WR,GDGH,DLI,NR,IR,GR-09--,L,CONT,GRPL,GRPL,BLC,,,Y,45,0,1,45.0+1.0,WC,33472,WAG9HC,SU,S,9:04,,Y,SMYD050321191647,Y,C,Valid CC,2441.8,
22-06-2025,WR,DFCR,CECC,5,UP,ICMB,MB,NR,MDCC,ADI,WR,CONR,R-107H-,L,CONT,CONR,CONR,BLC,,,N,45,0,0,45.0+0.0,ER,43114,WAG9HC,SU,S,9:57,,Y,TICD090525071559,Y,C,Valid CC,621.43,16:20 20-06-25,,,,5,,,,DN,KDLP,ADI,WR,ETW,PRYJ,NC,IR,ETW/DAP,L,IMFT,CFCL,CFCL,BCN,"PRYJ(ETW,FTP)",21+21,N,42,0,1,42.0+1.0,NC,32987,WAG9H,SU,D,10:02,,Y,ERM 270524214927,Y,P,Valid Premium,2756.2,
22-06-2025,WR,DFCR,CECC,6,UP,FL,JP,NW,GIMB,ADI,WR,IR,FL/E-BCN,E,,,,BCN,,,N,0,42,1,42.0+1.0,WR,49255,WDG4G,SU,N,10:00,,,GD  010424101117,N,P,Valid Premium,0,,,,,6,,,,DN,LPGS,ADI,WR,LPGK,PRYJ,NC,IR,HAPY-18,L,LPG,IOC,IOC,BTPG,,,N,32,2,1,34.0+1.0,WR,43867,WAG9HC,SU,S,11:22,,Y,HAPA041024113000,Y,C,Valid CC,1203.2,
22-06-2025,WR,DFCR,CECC,7,UP,IBBM,DLI,NR,MDCC,ADI,WR,BXTS,TXBT--22-SHEETAL,L,CONT,BXTS,BXTS,BLC,,,N,45,0,1,45.0+1.0,NR,60149,WAG12B,SU,D,11:45,,Y,IBBM270225155431,Y,C,Valid CC,1296.45,01:45 20-06-25,,,,7,,,,DN,KPRK,ADI,WR,MZP,PRYJ,NC,TMIT,MZP/DAP,L,IMFT,IPL,IPL,BCN,,,N,42,0,1,42.0+1.0,WC,32063,WAG9H,SU,S,12:16,,Y,DSN 180325174322,Y,P,Valid Premium,2767.29,19:40 13-06-25
22-06-2025,WR,DFCR,CECC,8,UP,GDGH,DLI,NR,MDCC,ADI,WR,GRFL,GR-02-+,L,CONT,GRPL,GRPL,BLC,,,Y,45,0,1,45.0+1.0,NC,24513,WAG7,SU,S,12:45,,Y,UMB 101024002511,Y,C,Valid CC,1845.25,09:45 21-06-25,,,,8,,,,DN,MDCC,ADI,WR,CPFS,WDFC,DFCR,TMIT,T-67H--,L,CONT,CONR,CONR,BLC,,,Y,45,0,0,45.0+0.0,NR,60104,WAG12B,SU,D,12:50,,Y,TICD030125215429,Y,C,Valid CC,484.59,19:40 13-06-25
22-06-2025,WR,DFCR,CECC,9,UP,FL,JP,NW,GIMB,ADI,WR,IR,FL/E/BCN,E,,,,BCNAHSM1,,,N,0,42,1,42.0+1.0,NC,27093,WAG7,SU,S,13:39,,,NHYD220325003114,Y,P,Valid Premium,0,,,,,9,,,,DN,MDCC,ADI,WR,CMLK,WDFC,DFCR,CONR,GS-08/MDCC,L,CONT,CONR,CONR,BLC,,,Y,40,0,1,40.0+1.0,WR,43911,WAG9HC,SU,S,13:26,,Y,ICDD250325100217,Y,C,Valid CC,1887.06,06:45 20-06-25
22-06-2025,WR,DFCR,CECC,10,UP,TICD,DLI,NR,MDCC,ADI,WR,CONR,GT-7--,L,CONT,CONR,CONR,BLC,,,N,45,0,1,45.0+1.0,WR,49271,WDG4G,SU,N,15:24,,Y,TICD140225135325,N,C,Valid CC,784.27,07:00 21-06-25,,,,10,,,,DN,MDCC,ADI,WR,KKU,JP,NW,IR,SPL.PR,L,IMFT,HIL,HIL,BCN,,,N,42,0,1,42.0+1.0,NR,49150,WDG4G,SU,N,14:06,,Y,NATD160225184130,N,P,Valid Premium,2769.4,13:00 19-06-25
22-06-2025,WR,DFCR,CECC,11,UP,PDLL,DLI,NR,AFGB,ADI,WR,ADIL,RK---46-,L,CONT,ADIL,ADIL,BLC,,,Y,45,0,1,45.0+1.0,NW,70581,WDG4D,SU,N,15:49,,Y,JUDW010225102932,Y,C,Valid CC,414,17:30 21-06-25,,,,11,,,,DN,KPRK,ADI,WR,JBPI,DLI,NR,IR,TWJMB-05-,L,CONT,HTPL,BXTS,BLC,,,N,45,0,0,45.0+0.0,NR,49024,WDG4G,SU,N,15:42,,Y,CP  240724064246,Y,C,Valid CC,583.06,13:00 19-06-25
22-06-2025,WR,DFCR,CECC,12,UP,PDLL,DLI,NR,MDCC,ADI,WR,GIPL,PDLL/MDCC,L,AUTO,ANAL,ANAL,BCACBM,,,N,27,0,1,27.0+1.0,WR,49397,WDG4G,SU,N,17:45,,Y,TKD 040824095421,Y,C,Valid CC,108,23:45 20-06-25,,,,12,,,,DN,CHIB,ADI,WR,KBP,AGRA,NC,CONR,KBP/SALT,L,SALT,BJSP,BJSP,BCN,,,N,21,21,1,42.0+1.0,SC,69177,WDG6G,SU,N,17:28,,Y,NPRY191224000700,N,P,Valid Premium,1340.6,00:30 22-06-25
22-06-2025,WR,DFCR,CECC,13,UP,GPHK,UMB,NR,MDCC,ADI,WR,GIPL,RK138--,L,CONT,HTPL,HTPL,BLSS,,,N,48,0,0,48.0+0.0,WC,31415,WAG9H,SU,S,18:07,,Y,CEBD060224145341,Y,C,Valid CC,1257.49,03:00 21-06-25,,,,13,,,,DN,MDCC,ADI,WR,GDGH,DLI,NR,IR,"GR-26--,-",L,CONT,GRPL,GRPL,BLC,,,Y,45,0,0,45.0+0.0,NF,42408,WAG9HC,SU,N,18:03,,Y,JUDW120624154253,Y,C,Valid CC,1972.37,02:20 20-06-25
22-06-2025,WR,DFCR,CECC,14,UP,PLPC,UMB,NR,KPRK,ADI,WR,GIPL,PLPC-55-,L,CONT,PMLP,PMLP,BLL,,,N,45,0,1,45.0+1.0,NR,60045,WAG12B,SU,D,18:12,,Y,JUDW051224220318,Y,C,Valid CC,315,09:10 21-06-25,,,,14,,,,DN,MDCC,ADI,WR,CMLK,WDFC,DFCR,IR,SCLS-,L,CONT,CONR,CONR,BLC,,,Y,45,0,1,45.0+1.0,NW,12188,WDG4,SU,N,18:42,,Y,ICDD270425052801,Y,C,Valid CC,1854,02:20 20-06-25
22-06-2025,WR,DFCR,CECC,15,UP,IBBM,DLI,NR,MDCC,ADI,WR,CONR,TXBT-18-,L,CONT,BXTS,BXTS,BLC,,,N,40,0,1,40.0+1.0,NR,60195,WAG12B,SU,D,20:00,,Y,JUDW041024132807,Y,C,Valid CC,1202.8,10:30 20-06-25,,,,15,,,,DN,MDCC,ADI,WR,DWLP,JP,NW,CONR,TXDP-15--,L,CONT,CRRS,CRRS,BLC,,,Y,45,0,1,45.0+1.0,NC,27093,WAG7,SU,S,19:45,,Y,UMB 250124052856,Y,C,Valid CC,2400.67,15:00 21-06-25
22-06-2025,WR,DFCR,CECC,16,UP,CMLK,WDFC,DFCR,MDCC,ADI,WR,CONR,R-111H--,L,CONT,CONR,CONR,BLC,,,Y,45,0,0,45.0+0.0,WR,33639,WAG9HC,SU,S,21:21,,Y,ICDD250424154417,Y,C,Valid CC,1636.79,23:50 21-06-25,,,,16,,,,DN,MDCC,ADI,WR,ICDD,PRYJ,NC,CONR,R-36H-PPSP-,L,CONT,CONR,CONR,BLC,,,Y,45,0,1,45.0+1.0,CR,60421,WAG12B,SU,D,19:55,,Y,ICDD070525200401,Y,C,Valid CC,1907.19,22:00 20-06-25
22-06-2025,WR,DFCR,CECC,17,UP,FUT,DNR,EC,KOTA,KOTA,WC,IR,SATHL-TP-MPO,E,,,,BCNHL,,,N,0,58,1,58.0+1.0,CR,60494,WAG12B,SU,N,22:15,,,STA 130625180659,Y,C,Valid CC,0,,,,,17,,,,DN,MDCC,ADI,WR,PDLL,DLI,NR,BXTS,ICAK-15-,L,CONT,ADIL,ADIL,BLC,,,Y,40,0,1,40.0+1.0,,,,SU,,19:55,,Y,SREW300823165742,Y,C,Valid CC,2400.22,13:45 20-06-25
22-06-2025,WR,DFCR,CECC,18,UP,GDGH,DLI,NR,MDCC,ADI,WR,GRFL,GR-18SHEETAL,L,CONT,GRPL,GRPL,BLC,,,Y,45,0,1,45.0+1.0,WR,49275,WDG4G,SU,N,22:32,,Y,JUDW260125182341,Y,C,Valid CC,1597.42,05:00 21-06-25,,,,18,,,,DN,MDCC,ADI,WR,DWLP,JP,NW,CONR,JKTI--03-,L,CONT,CRRS,CRRS,BLC,,,Y,45,0,1,45.0+1.0,NC,32550,WAG9H,SU,S,20:26,,Y,JUDW080125201937,Y,C,Valid CC,2533.08,12:40 20-06-25
22-06-2025,WR,DFCR,CECC,19,UP,PDLL,DLI,NR,MDCC,ADI,WR,BLS,ICAK-19-,L,CONT,ADIL,ADIL,BLC,,,Y,44,0,0,44.0+0.0,WR,12288,WDG4,SU,N,22:52,,Y,JUDW250325215107,Y,C,Valid CC,1814.29,22:10 21-06-25,,,,19,,,,DN,MDCC,ADI,WR,JBPI,DLI,NR,IR,TXBT--15-,L,CONT,BXTS,BXTS,BLC,,,Y,45,0,1,45.0+1.0,WR,49358,WDG4G,SU,N,21:07,,Y,JUDW280722172226,Y,C,Valid CC,2438.81,11:00 22-06-25
22-06-2025,WR,DFCR,CECC,20,UP,ICDD,PRYJ,NC,MDCC,ADI,WR,CONR,JNPT-R84/MDCC,L,CONT,CONR,CONR,BLC,,,Y,45,0,1,45.0+1.0,SE,38844,WAG9HC,SU,N,23:17,,Y,GOY 140223055415,Y,C,Valid CC,2400.76,15:30 21-06-25,,,,20,,,,DN,MDCC,ADI,WR,ALIK,JP,NW,CONR,AD-24-,L,CONT,ADIL,ADIL,BLC,,,Y,45,0,1,45.0+1.0,SC,69180,WDG6G,SU,N,21:49,,Y,CEBD201023210644,Y,C,Valid CC,2454.67,02:15 21-06-25
22-06-2025,WR,DFCR,CECC,21,UP,ICDD,PRYJ,NC,MDCC,ADI,WR,CONR,JS-08/MDCC,L,CONT,CONR,CONR,BLC,,,Y,45,0,1,45.0+1.0,WR,41387,WAG9HC,SU,S,23:17,,Y,ICDD210625100941,Y,C,Valid CC,1836.14,23:40 21-06-25,,,,21,,,,DN,MDCC,ADI,WR,CPFS,WDFC,DFCR,ADAL,R-91H--,L,CONT,CONR,CONR,BLC,,,Y,45,0,1,45.0+1.0,NR,12289,WDG4,SU,N,23:10,,Y,TICD060225191124,Y,C,Valid CC,1030.52,03:20 21-06-25
22-06-2025,WR,DFCR,CECC,22,UP,PDLL,DLI,NR,MDCC,ADI,WR,CONR,AD-121-,L,CONT,ADIL,ADIL,BLC,,,Y,40,0,0,40.0+0.0,WR,49226,WDG4G,SU,N,23:55,,Y,PDLL290324113136,Y,C,Valid CC,909.9,03:00 22-06-25,,,,22,,,,DN,MDCC,ADI,WR,ALIK,JP,NW,CN,ICAK-17-,L,CONT,ADIL,ADIL,BLC,,,Y,45,0,1,45.0+1.0,NR,49155,WDG4G,SU,N,23:35,,Y,SREW061023151735,Y,C,Valid CC,2624.41,11:15 21-06-25
22-06-2025,WR,DFCR,CECC,,,,,,,,,,,,,,,,,,,,,,,,,,,,,,,,,,,,,,,,23,,,,DN,MDCC,ADI,WR,CMLK,WDFC,DFCR,IR,R-115---,L,CONT,CONR,CONR,BLC,,,Y,45,0,1,45.0+1.0,NR,60092,WAG12B,SU,D,23:55,,Y,TICD290325153954,Y,C,Valid CC,1813.79,
22-06-2025,WR,DFCR,GGM,1,UP,CMLK,WDFC,DFCR,CCTA,BRC,WR,CONR,MT-19-,L,CONT,CONR,CONR,BLL,,,N,35,0,1,35.0+1.0,WC,51045,EF9K,SU,S,0:46,,Y,TICD301224220219,Y,C,Valid CC,237.9,22:40 20-06-25,,,,1,,,,DN,SBT,ADI,WR,FN,DLI,NR,CONR,IVCLL-06-,E,,,,ACT1,,,N,0,33,1,33.0+1.0,NR,49184,WDG4G,SU,N,9:58,,,SMYD220125180724,Y,C,Valid CC,0,16:20 20-06-25
22-06-2025,WR,DFCR,GGM,,,,,,,,,,,,,,,,,,,,,,,,,,,,,,,,,,,,,,,,2,,,,DN,KKF,ADI,WR,SBT,ADI,WR,IR,NMG,E,,,,MIXD,,,N,0,9,0,9.0+0.0,NR,12862,WDG4,SU,,22:15,,,KKF 220625171428,N,,,0,
22-06-2025,WR,DFCR,GTX,,,,,,,,,,,,,,,,,,,,,,,,,,,,,,,,,,,,,,,,1,,,,DN,LONI,PUNE,CR,FN,DLI,NR,BXTS,LONI/FN/NMG,L,AUTO,TCOI,TCOI,NMG,,,N,25,0,0,25.0+0.0,NR,60076,WAG12B,SU,D,3:35,,Y,TNPM300124155724,N,P,Valid Premium,166,01:45 20-06-25
22-06-2025,WR,DFCR,GTX,,,,,,,,,,,,,,,,,,,,,,,,,,,,,,,,,,,,,,,,2,,,,DN,JSWD,BB,CR,CWCJ,ADI,WR,GRFL,JSWD/CWCJ,L,IS,JSWT,JSWT,SHRN,,,N,43,0,0,43.0+0.0,NE,27547,WAG7,SU,S,10:43,,Y,TNPM230525003824,Y,P,Premium Due,2211.74,09:45 21-06-25
22-06-2025,WR,DFCR,GTX,,,,,,,,,,,,,,,,,,,,,,,,,,,,,,,,,,,,,,,,3,,,,DN,UVD,BCT,WR,FN,DLI,NR,IR,TCOI--03-,L,AUTO,TCOI,TCOI,BCACBM,,,N,27,0,1,27.0+1.0,WR,41437,WAG9HC,SU,D,16:12,,Y,JUDW100122162320,Y,C,Valid CC,324,
22-06-2025,WR,DFCR,GTX,,,,,,,,,,,,,,,,,,,,,,,,,,,,,,,,,,,,,,,,4,,,,DN,MKIG,BRC,WR,DWLP,JP,NW,CONR,DPJP-18--,L,CONT,DPWR,DPWR,BLC,,,N,45,0,1,45.0+1.0,WC,38525,WAG9HC,SU,N,21:41,,Y,C   280224154716,Y,C,Valid CC,2278.7,07:00 21-06-25
22-06-2025,WR,DFCR,GTX,,,,,,,,,,,,,,,,,,,,,,,,,,,,,,,,,,,,,,,,5,,,,DN,KEBG,BCT,WR,PCRG,DLI,NR,ADIL,R-190/H-,L,CONT,CONR,CONR,BLC,,,N,45,0,1,45.0+1.0,SEC,33576,WAG9HC,SU,S,23:50,,Y,NHYD111124153844,Y,C,Valid CC,1503,17:30 21-06-25
22-06-2025,WR,DFCR,MPR,1,UP,JNPT,BB,CR,CGPT,RTM,WR,CONR,GS-17-ICDG=789,L,CONT,CONR,CONR,BLC,,,N,40,0,1,40.0+1.0,CR,60372,WAG12B,SU,D,1:25,,Y,ICDD300325110713,Y,C,Valid CC,709.05,23:35 20-06-25,,,,1,,,,DN,CGMV,BRC,WR,JNPT,BB,CR,GIPL,J44-,L,CONT,CONR,CONR,BLC,,,N,45,0,1,45.0+1.0,NR,43484,WAG9HC,SU,S,1:08,,Y,CTKR260525201019,Y,C,Valid CC,2744.37,23:45 20-06-25
22-06-2025,WR,DFCR,MPR,2,UP,JNPT,BB,CR,PIDN,RTM,WR,JMBX,TXJMB3-PMLP16,L,CONT,PMLP,PMLP,BLC,,,N,45,0,1,45.0+1.0,NC,43150,WAG9HC,SU,S,3:25,,Y,SMYD221024191838,Y,C,Valid CC,175.5,20:30 20-06-25,,,,2,,,,DN,WKR,RJT,WR,BIA,R,SEC,GIPL,BIA/EUR27-,E,,,,BRN,,,N,0,22,0,22.0+0.0,WR,43718,WAG9HC,SU,S,1:35,,,BSPC200325095047,Y,C,Valid CC,0,03:00 21-06-25
22-06-2025,WR,DFCR,MPR,3,UP,JNPT,BB,CR,CCMP,BPL,WC,CONR,SNF-T-=797,L,CONT,CONR,CONR,BLC,,,N,45,0,0,45.0+0.0,WC,31482,WAG9HC,SU,S,3:53,,Y,CSTN041224181618,Y,C,Valid CC,1195.78,23:50 20-06-25,SHRN,BPL,WC,3,,,,DN,MSIB,ADI,WR,NDV,SBC,SW,GIPL,MSIB/NDV,L,AUTO,MSIL,MSIL,NMG,,,N,25,1,1,26.0+1.0,NC,41447,WAG9H,SU,N,2:33,,Y,SSB 261024054222,N,P,Valid Premium,95,09:10 21-06-25
22-06-2025,WR,DFCR,MPR,4,UP,GDB,UMB,NR,FCIV,BCT,WR,IR,SATHL-TP-134,L,W,FCI,FCI,BCNHL,,,N,56,0,2,56.0+2.0,NW,43561,WAG9HC,SU,S,9:49,,Y,STA 220425171416,Y,C,Valid CC,3304,03:00 20-06-25,MPR,WDFC,DFCR,4,,,,DN,AOMM,ADI,WR,MAAM,SBC,SW,CONR,ADANI-112,L,CONT,ILSL,ILSL,BLC,,,N,45,0,1,45.0+1.0,WC,43565,WAG9HC,SU,S,4:37,,Y,SMYD130525201712,Y,C,Valid CC,3174.3,10:30 20-06-25
22-06-2025,WR,DFCR,MPR,5,UP,TPND,BB,CR,BRCY,BRC,WR,IR,TPND/BSR,E,,,,BCN,,,N,0,42,1,42.0+1.0,NW,43664,WAG9HC,SU,S,13:42,,,AGS 260425001750,N,P,Invalid Premium,0,,,,,5,,,,DN,MSIB,ADI,WR,IGCS,SA,SR,CONR,MSIB/IGCS,L,AUTO,MSIL,MSIL,NMG,,,N,25,0,0,25.0+0.0,NR,60093,WAG12B,SU,D,5:35,,Y,BEN 300523174408,N,P,Invalid Premium,100,23:50 21-06-25
22-06-2025,WR,DFCR,MPR,6,UP,KYN,BB,CR,BRCY,BRC,WR,IR,KYN/BSR,E,,,,BCN,,,N,0,42,1,42.0+1.0,NC,43159,WAG9HC,SU,S,13:51,,,VGLJ310525124750,N,P,Invalid Premium,0,,,,,6,,,,DN,CGMV,BRC,WR,CKYR,ADI,WR,IR,R131H-,L,CONT,CONR,CONR,BLC,,,N,45,0,1,45.0+1.0,NW,38668,WAG9HC,SU,N,7:50,,Y,ICDD111124201612,N,C,Valid CC,622.72,
22-06-2025,WR,DFCR,MPR,7,UP,JSWT,UBL,SW,BRCY,BRC,WR,IR,BADRADRI=34,L,IS,JSWT,JSWT,BOXNHL,,,N,59,0,1,59.0+1.0,CR,27207,WAG7,TU,N,16:24,,Y,RDM 010625030056,Y,C,Valid CC,3476.93,,,,,7,MPR,WDFC,DFCR,DN,GDB,UMB,NR,FCIV,BCT,WR,GRFL,SATHL-TP-134,L,W,FCI,FCI,BCNHL,,,N,56,0,2,56.0+2.0,NW,43561,WAG9HC,SU,S,9:52,,Y,STA 220425171416,Y,C,Valid CC,3304,05:00 21-06-25
22-06-2025,WR,DFCR,MPR,,,,,SW,,,WR,,,,,,,,,,,,,,,CR,27319,WAG7,TU,N,,,,,Y,,,,,,,,8,,,,DN,TICD,DLI,NR,JNPT,BB,CR,BLS,JS-14--,L,CONT,CONR,CONR,BLC,,,N,18,22,1,40.0+1.0,WC,32064,WAG9H,SU,S,11:25,,Y,ICDG040924185043,Y,C,Valid CC,474.06,22:10 21-06-25
22-06-2025,WR,DFCR,MPR,,,,,SW,,,WR,,,,,,,,,,,,,,,CR,28556,WAG7,TU,N,,,,,Y,,,,,,,,9,SHRN,BPL,WC,DN,CCMP,BPL,WC,JNPT,BB,CR,CONR,ASHOKAP-R19,L,CONT,CONR,CONR,BLC,,,N,40,0,1,40.0+1.0,NW,43516,WAG9HC,SU,S,14:44,,Y,PCPK120625192514,Y,C,Valid CC,1291.1,15:30 21-06-25
22-06-2025,WR,DFCR,MPR,8,UP,JNPT,BB,CR,CGMV,BRC,WR,CONR,ICDD/JNPT-=715,L,CONT,CONR,CONR,BLC,,,N,45,0,1,45.0+1.0,WR,33718,WAG9HC,SU,D,23:33,,Y,GMC 061024012241,Y,C,Valid CC,665.45,23:40 21-06-25,,,,10,,,,DN,MDCC,ADI,WR,TLD,R,SEC,CONR,YAMUNATP32-,L,IMFT,IPL,IPL,BCNHL,,,N,42,16,0,58.0+0.0,NC,38832,WAG9HC,SU,N,18:25,,Y,KJGY210822213250,Y,C,Valid CC,2961,23:40 21-06-25
22-06-2025,WR,DFCR,MPR,,,,,,,,,,,,,,,,,,,,,,,,,,,,,,,,,,,,,,,,11,NAD,KOTA,WC,DN,IORG,SEE,EC,MIOJ,BB,CR,CONR,MIOJ,L,POL,IOC,IOC,BTPN,,,N,50,0,2,50.0+2.0,NF,38660,WAG9HC,SU,N,20:59,,Y,BAD 160525212342,N,P,Valid Premium,2718.44,03:00 22-06-25
22-06-2025,WR,DFCR,MSH,1,UP,ICDD,PRYJ,NC,PPSP,BVC,WR,CNCR,E/BLC/DER-PPSP,L,CONT,CONR,CONR,BLC,,,Y,40,0,0,40.0+0.0,NF,42566,WAG9HC,SU,S,3:27,,Y,VGLJ190225053223,Y,C,Valid CC,1114.08,03:10 20-06-25,,,,1,,,,DN,TCLS,RJT,WR,SAI,SEE,EC,CONR,TCLS/SAI,L,MIXD,TCL,TTCP,BCN,,,N,42,0,1,42.0+1.0,NE,28159,WAG7,SU,S,2:40,,,MAJN030125231643,N,P,Valid Premium,2618.8,22:40 20-06-25
22-06-2025,WR,DFCR,MSH,2,UP,GFPA,UMB,NR,DCCK,ADI,WR,CONR,CONCOR-07-,E,,,,BLSS,,,N,0,48,1,48.0+1.0,WR,49379,WDG4G,SU,N,5:10,,,NPRY070625134158,Y,C,Valid CC,0,,,,,2,,,,DN,PPSP,BVC,WR,ICDD,PRYJ,NC,CONR,R-86H---,L,CONT,CONR,CONR,BLC,,,Y,45,0,1,45.0+1.0,NR,60096,WAG12B,SU,D,5:37,,Y,TICD280125080747,N,C,Valid CC,1831.5,23:35 20-06-25
22-06-2025,WR,DFCR,MSH,3,UP,BPAG,DLI,NR,PPSP,BVC,WR,IR,HAPY-19,E,LPG,,,BTPG,,,N,0,34,1,34.0+1.0,WC,32259,WAG9H,SU,D,8:45,,,HAPA190124174826,Y,C,Valid CC,0,,,,,3,,,,DN,CCTA,BRC,WR,CMLK,WDFC,DFCR,JMBX,M=1-,L,CONT,CONR,CONR,BLL,,,N,40,0,1,40.0+1.0,WR,43883,WAG9HC,SU,S,7:07,,Y,TICD290125025625,Y,C,Valid CC,1969,20:30 20-06-25
22-06-2025,WR,DFCR,MSH,4,UP,FN,DLI,NR,MSIB,ADI,WR,JKTI,01JKTI-106-/-,E,,,,BCACBM,,,N,0,27,1,27.0+1.0,NW,70137,WDG4,SU,N,22:38,,,JUDW131022132126,Y,C,Valid CC,0,,,,,4,,,,DN,PRTK,RJT,WR,MRIK,JP,NW,CONR,HAPA-5,L,MIXD,REL,REL,BTPN,,,N,49,0,2,49.0+2.0,NR,49207,WDG4G,SU,N,8:42,,,HAPA120225122907,N,C,Valid CC,2581.35,23:50 20-06-25
22-06-2025,WR,DFCR,MSH,,,,,,,,,,,,,,,,,,,,,,,,,,,,,,,,,,,,,,,,5,,,,DN,RGSR,RJT,WR,KJGY,UMB,NR,IR,YAMUNATP01-,E,,,,BCNHL,,,N,0,58,1,58.0+1.0,WR,49370,WDG4G,SU,N,11:16,,,KJGY230121125523,Y,C,Valid CC,0,03:00 20-06-25
22-06-2025,WR,DFCR,MSH,,,,,,,,,,,,,,,,,,,,,,,,,,,,,,,,,,,,,,,,6,,,,DN,WWA,RJT,WR,PKCI,DHN,EC,IR,TPDDU1260-,L,CHES,JCFP,GI,BOXNHL,,,N,58,0,1,58.0+1.0,WR,43624,WAG9HC,SU,S,15:43,,Y,DDU 010625012152,Y,C,Valid CC,3871.16,
22-06-2025,WR,DFCR,MSH,,,,,,,,,,,,,,,,,,,,,,,,,,,,,,,,,,,,,,,,7,,,,DN,PRTK,RJT,WR,HPCA,DLI,NR,IR,HINDUSTAN1-,L,LPG,HPC,HPC,BTPG,,,N,31,2,1,33.0+1.0,WR,69058,WDG6G,SU,N,19:04,,Y,KTTW171121230006,Y,C,Valid CC,1165.3,
22-06-2025,WR,DFCR,MSH,,,,,,,,,,,,,,,,,,,,,,,,,,,,,,,,,,,,,,,,8,,,,DN,PRTK,RJT,WR,DGRN,WDFC,DFCR,IR,RK-31---,L,CONT,PMLP,PMLP,BLC,,,Y,45,0,1,45.0+1.0,WC,43017,WAG9HC,SU,S,22:42,,Y,JUDW071124152452,Y,C,Valid CC,2790,
22-06-2025,WR,DFCR,MSH,,,,,,,,,,,,,,,,,,,,,,,,,,,,,,,,,,,,,,,,9,,,,DN,SCLS,ADI,WR,FCON,DNR,EC,IR,GS-22,L,CONT,CONR,CONR,BLC,,,N,45,0,0,45.0+0.0,EC,32780,WAG9HC,SU,S,23:15,,Y,TNPM160525223445,Y,C,Valid CC,3055.9,
22-06-2025,WR,DFCR,NOL,1,UP,WKR,RJT,WR,BIA,R,SEC,IR,BIA/EUR27-,E,,,,BRN,,,N,0,22,0,22.0+0.0,WR,43718,WAG9HC,SU,S,7:01,,,BSPC200325095047,Y,C,Valid CC,0,,JL,BSL,CR,1,,,,DN,NOL,BCT,WR,BRCY,BRC,WR,IR,NK/BCNE,E,,,,BCN,,,N,0,42,1,42.0+1.0,NC,28720,WAG7,SU,S,13:10,,,ED  310525132528,N,P,Invalid Premium,0,
22-06-2025,WR,DFCR,NOL,2,UP,PPSP,BVC,WR,BD,BSL,CR,IR,BCNL,L,IMFT,KRIB,KRIB,BCN,,,N,42,1,1,43.0+1.0,WR,43620,WAG9HC,SU,S,7:20,,Y,VGLJ151124122945,N,P,Premium Due,2734.15,16:45 20-06-25,JL,BSL,CR,2,,,,DN,TBV,BCT,WR,GETS,ADI,WR,CONR,VIRAT21-,L,PHC,WCF,GSEC,BOXNS,,,N,59,0,1,59.0+1.0,NR,60058,WAG12B,SU,D,15:42,,Y,BLEY100625170606,Y,C,Valid CC,4100.85,23:40 21-06-25
22-06-2025,WR,DFCR,NOL,3,UP,MSIB,ADI,WR,NDV,SBC,SW,IR,MSIB/NDV,L,AUTO,MSIL,MSIL,NMG,,,N,25,1,1,26.0+1.0,NC,41447,WAG9H,SU,N,10:20,,Y,SSB 261024054222,N,P,Valid Premium,95,09:30 21-06-25,JL,BSL,CR,3,,,,DN,NDB,BCT,WR,BRCY,BRC,WR,CNCR,ANG/BCNE,E,,,,BCN,,,N,0,42,1,42.0+1.0,SW,33356,WAG9HC,SU,N,17:21,,,DSN 300325115216,N,P,Premium Due,0,03:10 20-06-25
22-06-2025,WR,DFCR,NOL,4,UP,BVTD,BVC,WR,DPMT,HYB,SC,IR,SPM-263,L,SALT,NIRL,NIRL,BCN,,,N,42,0,1,42.0+1.0,WR,42309,WAG9HC,SU,N,15:24,Y,,TNPM070225152227,N,P,Valid Premium,2631.4,16:30 21-06-25,JL,BSL,CR,4,JL,BSL,CR,DN,BSL,BSL,CR,BRCY,BRC,WR,CONR,BCNE,E,,,,BCN,,,N,0,42,1,42.0+1.0,CR,60467,WAG12B,SU,N,18:22,,,BZA 151224043104,N,P,Valid Premium,0,
22-06-2025,WR,DFCR,NOL,5,UP,NELM,RJT,WR,EOLD,NGP,CR,IR,HAPA-40,L,MIXD,NERL,NERL,BTPN,,,N,50,0,2,50.0+2.0,NW,43388,WAG9HC,SU,D,17:50,,Y,HAPA140625084626,N,C,Valid CC,2556.05,19:15 21-06-25,JL,BSL,CR,,,,,,,,,,,,,,,,,,,,,,,,,,,,,,,,,,,,,,,
22-06-2025,WR,DFCR,SAH,1,UP,MKPP,PRYJ,NC,JNPT,BB,CR,PMLP,ARIL--1-,L,CONT,PMLP,PMLP,BLC,,,N,45,0,1,45.0+1.0,CR,60280,WAG12B,SU,D,3:33,,Y,MATP230524102015,N,C,Valid CC,1100.58,05:40 19-06-25,BSR,BB,CR,1,BSR,BB,CR,DN,KTIG,BB,CR,CMLK,WDFC,DFCR,IR,CS=5/M-9,L,CONT,CONR,CONR,BLL,,,N,35,5,1,40.0+1.0,NR,32513,WAG9HC,SU,D,7:38,,Y,TNPM200423213525,Y,C,Valid CC,1710.62,
22-06-2025,WR,DFCR,SAH,2,UP,UTCK,JU,NW,CMCN,SC,SC,CN,GT-05H-,L,CONT,CONR,CONR,BLC,,,N,45,0,1,45.0+1.0,NW,38678,WAG9HC,SU,S,4:53,,Y,SMYD141224213438,Y,C,Valid CC,2954.7,12:00 19-06-25,BSR,BB,CR,2,BSR,BB,CR,DN,JSWT,UBL,SW,BRCY,BRC,WR,JKTI,BADRADRI=34,L,IS,JSWT,JSWT,BOXNHL,,,N,59,0,1,59.0+1.0,CR,27207,WAG7,TU,N,8:43,,Y,RDM 010625030056,Y,C,Valid CC,3476.93,
22-06-2025,WR,DFCR,SAH,3,UP,MSIB,ADI,WR,NDV,SBC,SW,IR,MSIB-NDV,L,AUTO,MSIL,MSIL,NMG,,,N,25,1,1,26.0+1.0,WR,24694,WAG7,SU,D,5:30,,Y,BEN 250724152912,Y,P,Valid Premium,90,20:35 20-06-25,BSR,BB,CR,,,,,,,,SW,,,WR,,,,,,,,,,,,,,,CR,27319,WAG7,TU,N,,,,,Y,,,,
22-06-2025,WR,DFCR,SAH,4,UP,HLDD,IZN,NE,NVU,UBL,SW,IR,NVU,L,AUTO,TCOI,TCOI,NMG,,,N,25,0,0,25.0+0.0,NW,43759,WAG9HC,SU,S,6:48,,Y,TNPM031224135657,N,P,Invalid Premium,126,03:00 19-06-25,BSR,BB,CR,,,,,,,,SW,,,WR,,,,,,,,,,,,,,,CR,28556,WAG7,TU,N,,,,,Y,,,,
22-06-2025,WR,DFCR,SAH,5,UP,MSIB,ADI,WR,IGCS,SA,SR,IR,MSIB/IGCS,L,AUTO,MSIL,MSIL,NMG,,,N,25,0,0,25.0+0.0,NR,60093,WAG12B,SU,D,12:55,,Y,BEN 300523174408,N,P,Invalid Premium,100,10:55 21-06-25,BSR,BB,CR,3,BSR,BB,CR,DN,VDP,MDU,SR,DNK,JP,NW,IR,DNK/NMGL,L,AUTO,TCOI,TCOI,NMG,,,N,22,0,0,22.0+0.0,WC,31170,WAG9,SU,D,11:16,Y,,TNPM070225061738,N,P,Valid Premium,200.2,09:30 21-06-25
22-06-2025,WR,DFCR,SAH,6,UP,CGMV,BRC,WR,JNPT,BB,CR,CONR,J44-,L,CONT,CONR,CONR,BLC,,,N,45,0,1,45.0+1.0,NR,43484,WAG9HC,SU,S,13:00,,Y,CTKR260525201019,Y,C,Valid CC,362.14,23:40 21-06-25,BSR,BB,CR,,,,,,,,SR,,,NW,,,,,,,,,,,,,,,CR,70553,WDG4D,SU,N,,,,,N,,,,
22-06-2025,WR,DFCR,SAH,7,UP,AOMM,ADI,WR,MAAM,SBC,SW,APSE,ADANI-112,L,CONT,ILSL,ILSL,BLC,,,N,45,0,1,45.0+1.0,WC,43565,WAG9HC,SU,S,14:43,,Y,SMYD130525201712,Y,C,Valid CC,3174.3,05:00 21-06-25,BSR,BB,CR,4,BSR,BB,CR,DN,JNPT,BB,CR,CGMV,BRC,WR,IR,E/BLC/DER=705,L,CONT,CONR,CONR,BLC,,,N,45,0,0,45.0+0.0,WR,33279,WAG9HC,SU,S,14:27,,Y,VGLJ220125033421,Y,C,Valid CC,434.74,19:15 21-06-25
22-06-2025,WR,DFCR,SAH,8,UP,MVI,RJT,WR,DKN,SBC,SW,KRIL,KRIL-21,L,CONT,DPWR,DPWR,BLC,,,N,45,0,1,45.0+1.0,WR,13529,WDG3A,SU,N,18:21,,Y,ARIK140724112851,Y,C,Valid CC,3166.9,15:25 17-06-25,BSR,BB,CR,5,BSR,BB,CR,DN,SXB,UBL,SW,SCLS,ADI,WR,PMLP,R--56H--,L,CONT,CONR,CONR,BLC,,,N,45,0,1,45.0+1.0,CR,60400,WAG12B,SU,N,21:36,,Y,TICD220823154342,Y,C,Valid CC,243,05:40 19-06-25
22-06-2025,WR,DFCR,SAH,9,UP,TICD,DLI,NR,JNPT,BB,CR,CONR,JS-14--,L,CONT,CONR,CONR,BLC,,,N,18,22,1,40.0+1.0,WC,32064,WAG9H,SU,S,21:40,,Y,ICDG040924185043,Y,C,Valid CC,474.06,23:30 20-06-25,BSR,BB,CR,6,BSR,BB,CR,DN,MLPB,KAWR,KR,ICPH,FZR,NR,CN,BLC/SPL-=731,L,CONT,CONR,CONR,BLC,,,N,45,0,0,45.0+0.0,NC,33045,WAG9H,SU,S,21:52,,Y,VGLJ240524175958,Y,C,Valid CC,3033,12:00 19-06-25
22-06-2025,WR,DFCR,SAH,,,,,,,,,,,,,,,,,,,,,,,,,,,,,,,,,,,,,,,,7,BSR,BB,CR,DN,JNPT,BB,CR,CGMV,BRC,WR,IR,T=93H--=721,L,CONT,CONR,CONR,BLC,,,N,45,0,1,45.0+1.0,CR,60280,WAG12B,SU,D,23:17,,Y,TICD190225012127,Y,C,Valid CC,453.41,20:35 20-06-25
22-06-2025,WR,DFCR,SAU,1,UP,FN,DLI,NR,CE,ADI,WR,IR,NMG,L,AUTO,MSIL,MSIL,NMG,,,N,24,1,0,25.0+0.0,SR,43984,WAG9HC,SU,S,3:12,,Y,GIT 130225195335,N,P,Premium Due,96,16:30 20-06-25,,,,1,,,,DN,SCLS,ADI,WR,ICDY,AGRA,NC,IR,R-136-,L,CONT,CONR,CONR,BLC,,,N,45,0,0,45.0+0.0,NR,60033,WAG12B,SU,D,1:18,,Y,ICDG210325041156,Y,C,Valid CC,2836.8,03:00 19-06-25
22-06-2025,WR,DFCR,SAU,2,UP,MIHK,BRC,WR,NELM,RJT,WR,IR,KAZIRANGA--,E,"HSD, MS",,,BTPN,,,N,0,50,2,50.0+2.0,WR,36164,WDS6,SU,N,3:30,,,NJPT280225221144,Y,C,Valid CC,0,,,,,2,,,,DN,KOD,ADI,WR,SLI,PUNE,CR,IR,KOD/SLI,L,SALT,JNNS,MCDS,BCN,,,N,21,21,1,42.0+1.0,EC,28729,WAG7,SU,S,6:15,,Y,NJPT310722213530,N,P,Valid Premium,1328.9,10:55 21-06-25
22-06-2025,WR,DFCR,SAU,3,UP,BSL,BSL,CR,KRCA,BRC,WR,IR,SAYAJI-05,E,HSD,,,BTPN,,,N,0,50,2,50.0+2.0,WR,41788,WAG9HC,SU,D,4:50,,,KRCA030521120433,N,C,CC OverDue,0,,,,,3,,,,DN,BVTD,BVC,WR,DPMT,HYB,SC,CONR,SPM-263,L,SALT,NIRL,NIRL,BCN,,,N,42,0,1,42.0+1.0,WR,42309,WAG9HC,SU,N,7:20,Y,,TNPM070225152227,N,P,Valid Premium,2631.4,23:40 21-06-25
22-06-2025,WR,DFCR,SAU,4,UP,MSGM,DLI,NR,PPSP,BVC,WR,IR,MSGM/PPSP,L,AUTO,MSIL,MSIL,NMG,,,N,25,0,0,25.0+0.0,WR,12334,WDG4,SU,N,4:54,,Y,SBC 150225181723,N,P,Valid Premium,40,18:50 20-06-25,,,,4,,,,DN,TCLS,RJT,WR,SNP,DLI,NR,APSE,PADMINI=57,L,MIXD,TCL,TTCP,BCNHL,"DLI(ANDI,SNP)",14+44,N,58,0,1,58.0+1.0,WR,49355,WDG4G,SU,N,7:35,,Y,SMP 100622101255,Y,C,Valid CC,3920.5,05:00 21-06-25
22-06-2025,WR,DFCR,SAU,5,UP,PMKM,DLI,NR,MVI,RJT,WR,DPWR,KRIL--41-,L,CONT,DPWR,DPWR,BLC,,,N,45,0,1,45.0+1.0,WR,49261,WDG4G,SU,N,6:37,,Y,CEBD010624160435,Y,C,Valid CC,751.46,05:45 20-06-25,,,,5,,,,DN,NELM,RJT,WR,EOLD,NGP,CR,KRIL,HAPA-40,L,MIXD,NERL,NERL,BTPN,,,N,50,0,2,50.0+2.0,NW,43388,WAG9HC,SU,D,10:17,,Y,HAPA140625084626,N,C,Valid CC,2556.05,15:25 17-06-25
22-06-2025,WR,DFCR,SAU,6,UP,GGN,DLI,NR,PPSP,BVC,WR,IR,GGN-PPSP,L,AUTO,MSIL,MSIL,NMG,,,N,25,0,0,25.0+0.0,WR,41950,WAG9HC,SU,S,8:38,,Y,TNPM011024095139,N,P,Valid Premium,80,12:10 21-06-25,,,,6,,,,DN,HVD,ADI,WR,BIDR,SC,SC,CONR,HVD/BIDR,L,CHES,BJCF,MCDS,BCN,,,N,21,21,1,42.0+1.0,NR,60109,WAG12B,SU,D,11:00,,Y,VGLJ120224032449,N,P,Valid Premium,1345.4,23:30 20-06-25
22-06-2025,WR,DFCR,SAU,7,UP,GDGH,DLI,NR,PPSP,BVC,WR,CONR,GR-31,L,CONT,GRPL,GRPL,BLC,,,N,40,0,1,40.0+1.0,WC,31187,WAG9H,SU,S,9:52,,Y,GDGH270624103028,Y,C,Valid CC,1022.03,05:10 21-06-25,,,,7,,,,DN,GSFM,RJT,WR,GAYA,DDU,EC,IR,GSFM/GAYA,L,FERT,GSFC,GSFC,BCN,,,N,21,19,1,40.0+1.0,ER,41798,WAG9HC,SU,S,11:10,,Y,BSL 250225185447,N,P,Valid Premium,1337.6,16:30 20-06-25
22-06-2025,WR,DFCR,SAU,8,UP,RNL,BCT,WR,BRCY,BRC,WR,IR,DDE/BCNE,E,,,,BCN,,,N,0,42,1,42.0+1.0,CR,60276,WAG12B,SU,D,11:20,,,BZA 160824225613,N,P,Premium Due,0,,,,,8,,,,DN,GIMB,ADI,WR,KHED,RN,KR,IR,KHED/SALT,L,SALT,AASI,AASI,BCN,,,N,21,21,1,42.0+1.0,NR,60074,WAG12B,SU,D,11:52,,Y,ERM 030625164902,N,P,Valid Premium,1363.1,
22-06-2025,WR,DFCR,SAU,9,UP,NGSM,BB,CR,BRCY,BRC,WR,IR,PADMINI=28,E,,,,BCNHL,,,N,0,57,0,57.0+0.0,WC,32333,WAG9H,SU,S,12:10,,,SMP 100525131055,N,C,Intensive,0,,,,,9,,,,DN,PPSP,BVC,WR,CGMV,BRC,WR,IR,CONCOR-R-87,L,CONT,CONR,CONR,BLC,,,Y,45,0,1,45.0+1.0,WC,33783,WAG9HC,SU,S,15:40,,Y,RYD 170325161348,Y,C,Valid CC,408.6,
22-06-2025,WR,DFCR,SAU,10,UP,BSL,BSL,CR,KRCA,BRC,WR,IR,SAYAJI-26,E,"HSD, MS",,,BTPN,,,N,0,50,2,50.0+2.0,NR,32897,WAG9HC,SU,S,12:15,,,KRCA170425115603,N,C,CC OverDue,0,,,,,,,,,,,,,,,,,,,,,,,,,,,,,,,,,,,,,,,,,,,
22-06-2025,WR,DFCR,SAU,11,UP,ICDD,PRYJ,NC,PPSP,BVC,WR,CONR,MS-4-/UTCK/PPSP,L,CONT,CONR,CONR,BLC,,,Y,40,0,1,40.0+1.0,NR,49221,WDG4G,SU,N,13:52,,Y,ICDD260624014905,Y,C,Valid CC,1377.51,15:45 20-06-25,,,,,,,,,,,,,,,,,,,,,,,,,,,,,,,,,,,,,,,,,,
22-06-2025,WR,DFCR,SAU,12,UP,DGGN,WDFC,DFCR,ADI,ADI,WR,IR,DGGN/E/BOXN,E,,,,BOXNHL,,,N,0,58,1,58.0+1.0,NR,32107,WAG9HC,SU,D,16:20,,,DDU 300525113602,Y,C,Valid CC,0,,,,,,,,,,,,,,,,,,,,,,,,,,,,,,,,,,,,,,,,,,,
22-06-2025,WR,DFCR,SAU,13,UP,CGMV,BRC,WR,CKYR,ADI,WR,CONR,R131H-,L,CONT,CONR,CONR,BLC,,,N,45,0,1,45.0+1.0,NW,38668,WAG9HC,SU,N,16:58,,Y,ICDD111124201612,N,C,Valid CC,622.72,06:20 22-06-25,,,,,,,,,,,,,,,,,,,,,,,,,,,,,,,,,,,,,,,,,,
22-06-2025,WR,DFCR,SAU,14,UP,JSWD,BB,CR,CWCJ,ADI,WR,IR,JSWD/CWCJ,L,IS,JSWT,JSWT,SHRN,,,N,43,0,0,43.0+0.0,NE,27547,WAG7,SU,S,19:40,,Y,TNPM230525003824,Y,P,Premium Due,2211.74,01:20 21-06-25,,,,,,,,,,,,,,,,,,,,,,,,,,,,,,,,,,,,,,,,,,
22-06-2025,WR,DFCR,SAU,15,UP,ICDP,UMB,NR,SCLS,ADI,WR,CONR,R-216H--,L,CONT,CONR,CONR,BLC,,,N,45,0,1,45.0+1.0,NR,41768,WAG9HC,SU,S,20:55,,Y,CTKR051124165604,Y,C,Valid CC,2700,23:35 20-06-25,,,,,,,,,,,,,,,,,,,,,,,,,,,,,,,,,,,,,,,,,,
22-06-2025,WR,DFCR,SAU,16,UP,HPCA,DLI,NR,HAPA,RJT,WR,HPC,HINDUSTAN-1,E,LPG,,,BTPG,,,N,0,34,1,34.0+1.0,NE,43282,WAG9HC,SU,S,21:30,,,KTTY211022205451,Y,C,Valid CC,0,,,,,,,,,,,,,,,,,,,,,,,,,,,,,,,,,,,,,,,,,,,
22-06-2025,WR,DFCR,SJN,1,UP,CGPT,RTM,WR,JNPT,BB,CR,CONR,J-27/MDCC,L,CONT,CONR,CONR,BLC,,,N,45,0,1,45.0+1.0,WR,43501,WAG9HC,SU,S,0:42,,Y,ICDD150425042501,Y,C,Valid CC,1382.8,21:40 20-06-25,BSR,BB,CR,1,BSR,BB,CR,DN,KYN,BB,CR,BRCY,BRC,WR,IR,KYN/BSR,E,,,,BCN,,,N,0,42,1,42.0+1.0,NC,43159,WAG9HC,SU,S,7:38,,,VGLJ310525124750,N,P,Invalid Premium,0,18:50 20-06-25
22-06-2025,WR,DFCR,SJN,2,UP,BRC,BRC,WR,KFCS,TVC,SR,IR,KFCS,L,W,FCI,FCI,BCN,,,N,42,0,1,42.0+1.0,WR,43952,WAG9HC,SU,S,8:20,Y,,STAR270525104656,Y,P,Premium Due,2688,,BSR,BB,CR,2,BSR,BB,CR,DN,TPND,BB,CR,BRCY,BRC,WR,DPWR,TPND/BSR,E,,,,BCN,,,N,0,42,1,42.0+1.0,NW,43664,WAG9HC,SU,S,8:35,,,AGS 260425001750,N,P,Invalid Premium,0,05:45 20-06-25
22-06-2025,WR,DFCR,SJN,3,UP,AJL,FZR,NR,UGR,UBL,SW,IR,TORALTP-08-,L,R,FCI,FCI,BCNHL,,,N,58,0,1,58.0+1.0,NR,60085,WAG12B,SU,D,10:15,Y,,GIMY090724170210,Y,C,Valid CC,3683,22:35 18-06-25,BSR,BB,CR,3,BSR,BB,CR,DN,CCH,PUNE,CR,FN,DLI,NR,IR,CCH/FN/NMG,L,AUTO,TCOI,TCOI,NMG,,,N,25,0,0,25.0+0.0,EC,43387,WAG9HC,SU,S,10:00,,Y,NBQ 040425171631,N,P,Valid Premium,192,12:10 21-06-25
22-06-2025,WR,DFCR,SJN,4,UP,GDB,UMB,NR,FCIV,BCT,WR,IR,SATHL-TP-134,L,W,FCI,FCI,BCNHL,,,N,56,0,2,56.0+2.0,NW,43561,WAG9HC,SU,S,14:30,,Y,STA 220425171416,Y,C,Valid CC,3304,03:00 20-06-25,,,,4,BSR,BB,CR,DN,JNPT,BB,CR,CGPT,RTM,WR,CONR,SNF-R-=707,L,CONT,CONR,CONR,BLC,,,N,40,0,1,40.0+1.0,WR,28585,WAG7,SU,D,10:22,,Y,TICD020221194221,Y,C,Valid CC,422.78,05:10 21-06-25
22-06-2025,WR,DFCR,SJN,5,UP,LCTS,WDFC,DFCR,JOS,BCT,WR,IR,LCTS/JOS,L,CEMT,JK,JK,BCN,,,N,42,0,1,42.0+1.0,NW,43649,WAG9HC,SU,S,16:19,,Y,BZA 100225195332,N,P,Premium Due,2769.4,16:25 21-06-25,,,,5,BSR,BB,CR,DN,NDV,SBC,SW,MSIB,ADI,WR,IR,IVCLLTP-2,E,,,,BCACBM,,,N,0,27,1,27.0+1.0,EC,41805,WAG9HC,SU,S,15:28,,,SMYD130424051818,Y,C,CC OverDue,0,
22-06-2025,WR,DFCR,SJN,6,UP,KOD,ADI,WR,SLI,PUNE,CR,IR,KOD/SLI,L,SALT,JNNS,MCDS,BCN,,,N,21,21,1,42.0+1.0,EC,28729,WAG7,SU,S,17:11,,Y,NJPT310722213530,N,P,Valid Premium,1328.9,18:15 21-06-25,BSR,BB,CR,6,BSR,BB,CR,DN,MBPP,BB,CR,LPBP,UMB,NR,IR,MBPP/LPBP,L,LPG,BPC,BPC,BTPG,,,N,30,2,2,32.0+2.0,CR,60455,WAG12B,SU,D,15:55,,Y,SBB 020625140104,Y,P,Premium Due,1128,
22-06-2025,WR,DFCR,SJN,7,UP,CGMV,BRC,WR,JNPT,BB,CR,CONR,R-153H--,L,CONT,CONR,CONR,BLC,,,N,45,0,1,45.0+1.0,NR,60239,WAG12B,SU,D,17:25,,Y,CTKR301024123849,Y,C,Valid CC,603.1,19:55 21-06-25,BSR,BB,CR,7,BSR,BB,CR,DN,JNPT,BB,CR,CGMV,BRC,WR,IR,ICDD/JNPT-=715,L,CONT,CONR,CONR,BLC,,,N,45,0,1,45.0+1.0,WR,33718,WAG9HC,SU,D,17:05,,Y,GMC 061024012241,Y,C,Valid CC,665.45,
22-06-2025,WR,DFCR,SJN,8,UP,CCMP,BPL,WC,JNPT,BB,CR,CONR,ASHOKAP-R19,L,CONT,CONR,CONR,BLC,,,N,40,0,1,40.0+1.0,NW,43516,WAG9HC,SU,S,22:50,,Y,PCPK120625192514,Y,C,Valid CC,1291.1,06:55 21-06-25,BSR,BB,CR,8,BSR,BB,CR,DN,JSWD,BB,CR,CWCJ,ADI,WR,CONR,JSWD-,L,IS,JSWT,JSWT,BFNV,,,N,58,0,0,58.0+0.0,NR,33361,WAG9HC,SU,S,22:40,,Y,HPT 160822122132,Y,C,Valid CC,3279.32,15:45 20-06-25
22-06-2025,WR,NW,BEC,1,MVJ,DRB,AII,NW,SOG,BKN,NW,IR,DRB/SOG,L,FERT,CFL,CFL,BCN,,,N,21,21,1,42.0+1.0,NR,49223,WDG4G,SU,N,3:45,,Y,MVNP240225105656,Y,P,Valid Premium,1316.7,21:50 21-06-25,CNA,AII,NW,1,CNA,AII,NW,MVJ,KLD,LJN,NE,UCGK,AII,NW,IR,BCNE,E,,,,BCN,,,N,0,42,1,42.0+1.0,NR,60078,WAG12B,SU,D,5:17,,,DSN 060424215333,N,P,Valid Premium,0,
22-06-2025,WR,NW,BEC,2,MVJ,UCGK,AII,NW,ETAH,PRYJ,NC,IR,UCGK/JAB+ETAH,L,CEMT,UCWL,JK,BCN,"AGRA(JAB), PRYJ(ETAH)",11+31,N,42,0,1,42.0+1.0,NR,60078,WAG12B,SU,D,10:18,,Y,ED  220524161600,N,P,Premium Due,2761.8,00:55 22-06-25,CNA,KOTA,WC,2,CNA,AII,NW,MVJ,FBD,IZN,NE,UDZ,AII,NW,CONR,BCNE,E,,,,BCN,,,N,0,42,1,42.0+1.0,NW,70598,WDG4D,SU,N,11:38,,,TRTR160325143258,N,P,Premium Due,0,06:20 22-06-25
22-06-2025,WR,NW,BEC,,,,,,,,,,,,,,,,,,,,,,,,,,,,,,,,,,,,,,,,3,CNA,AII,NW,MVJ,KORI,JP,NW,DRB,AII,NW,IR,KORI/E/BCN,E,,,,BCN,,,N,0,42,1,42.0+1.0,NR,49073,WDG4G,SU,N,22:54,,,NBQY100225222850,N,P,Valid Premium,0,01:20 21-06-25
22-06-2025,WR,NW,BLDI,1,SMR,NELK,JU,NW,PRTK,RJT,WR,IR,HAPA-1,E,"EBMS, HSD",,,BTPN,,,N,0,50,2,50.0+2.0,NR,70868,WDG4D,SU,N,4:35,,,HAPA240425005653,N,C,Valid CC,0,,,,,1,,,,SMR,MDCC,ADI,WR,STD,BKN,NW,CONR,STD/DAP,L,INPK,CFCL,CFCL,BCN,,,N,21,21,1,42.0+1.0,NR,12242,WDG4,MU,N,0:37,,Y,ED  050225110518,N,P,Invalid Premium,1375.6,23:35 20-06-25
22-06-2025,WR,NW,BLDI,2,SMR,PLPC,UMB,NR,MDCC,ADI,WR,ILSL,RK-06-,L,CONT,PMLP,PMLP,BLC,,,N,45,0,1,45.0+1.0,ER,12901,WDG4,SU,N,7:20,,Y,JRNA170119075150,Y,C,Valid CC,1508.15,05:55 20-06-25,,,,,,,,,,,WR,,,NW,,,,,,,,,,,,,,,NR,12894,WDG4,MU,,,,,,N,,,,
22-06-2025,WR,NW,BLDI,3,SMR,KBP,AGRA,NC,KOTA,KOTA,WC,IR,TORALTP=15-,E,,,,BCNHL,,,N,0,58,1,58.0+1.0,WC,32251,WAG9H,SU,S,7:55,,,BSP 250623075219,Y,C,Intensive,0,,,,,2,,,,SMR,MDCC,ADI,WR,IBBM,DLI,NR,CONR,TXBT-23---,L,CONT,BXTS,BXTS,BLC,,,N,45,0,1,45.0+1.0,WR,49316,WDG4G,SU,N,3:05,,Y,TKD 060518153613,Y,C,Valid CC,1886.56,21:40 20-06-25
22-06-2025,WR,NW,BLDI,4,SMR,CBKB,JU,NW,MDCC,ADI,WR,CONR,ICDD/-//-,L,CONT,CONR,CONR,BLC,,,N,28,17,1,45.0+1.0,NW,43493,WAG9HC,SU,S,9:18,,Y,GMC 230425140050,Y,C,Valid CC,404.84,21:25 21-06-25,,,,3,,,,SMR,NELM,RJT,WR,NELK,JU,NW,IR,BRAJ-27/B,L,MIXD,NERL,NERL,BTPN,,,N,50,0,2,50.0+2.0,NE,27660,WAG7,SU,S,6:47,,Y,BAD 210325161643,N,C,Valid CC,2647.64,
22-06-2025,WR,NW,BLDI,5,SMR,IOTS,JU,NW,HAPA,RJT,WR,IR,HAPA-15,E,HSD,,,BTPN,,,N,0,50,2,50.0+2.0,NR,49119,WDG4G,SU,N,12:47,,,HAPA200125121500,N,C,CC OverDue,0,,,,,4,,,,SMR,MSIB,ADI,WR,GGN,DLI,NR,IR,MSIL-01-,L,AUTO,MSIL,MSIL,BCACBM,,,N,27,0,1,27.0+1.0,NR,49187,WDG4G,SU,N,7:25,,Y,JUDW110624101352,N,C,Valid CC,290.52,22:35 18-06-25
22-06-2025,WR,NW,BLDI,6,SMR,KORI,JP,NW,GIMB,ADI,WR,IR,KORI-EBCN,E,,,,BCN,,,N,0,42,1,42.0+1.0,SC,49540,WDG4G,SU,N,17:12,,,NPRY210623075416,N,P,Valid Premium,0,,,,,5,,,,SMR,KPRK,ADI,WR,KUN,DLI,NR,IR,KUN/DAP,L,IMFT,CFCL,CFCL,BCN,,,N,42,0,1,42.0+1.0,NR,49192,WDG4G,SU,N,8:35,,Y,KRCA220824023846,N,P,Valid Premium,2719.6,03:00 20-06-25
22-06-2025,WR,NW,BLDI,7,SMR,PLPC,UMB,NR,MDCC,ADI,WR,GIPL,BLC-4-,L,CONT,PMLP,PMLP,BLC,,,N,45,0,0,45.0+0.0,WR,49325,WDG4G,SU,N,19:00,,Y,UMB 170425141453,Y,C,Valid CC,1376.4,22:50 20-06-25,,,,6,,,,SMR,MSIB,ADI,WR,GGN,DLI,NR,IR,MSIB/GGN,L,AUTO,MSIL,MSIL,NMG,,,N,25,0,0,25.0+0.0,NW,12579,WDG4,SU,N,9:27,,Y,TBM 310325213640,N,,Intensive,110,16:25 21-06-25
22-06-2025,WR,NW,BLDI,8,SMR,PGFS,FZR,NR,MDCC,ADI,WR,GRFL,PGFS,L,CONT,GRPL,GRPL,BLC,,,N,45,0,1,45.0+1.0,CR,70379,WDG4D,MU,N,20:55,,Y,JUDW231224165228,Y,C,Valid CC,1022.42,02:30 21-06-25,,,,7,,,,SMR,KPRK,ADI,WR,KSA,FZR,NR,IR,KSA/BPULP,L,OTHR,KPML,KPML,BOST,,,N,45,0,0,45.0+0.0,NR,49004,WDG4G,SU,N,13:13,,Y,FPY 310525151253,N,P,Valid Premium,2338,18:15 21-06-25
22-06-2025,WR,NW,BLDI,,,,,NR,,,WR,,,,,,,,,,,,,,,CR,70490,WDG4D,MU,N,,,,,Y,,,,,,,,8,,,,SMR,MDCC,ADI,WR,ICAK,UMB,NR,CONR,B2B-13-,L,CONT,ADIL,ADIL,BLC,,,N,40,0,1,40.0+1.0,WC,43495,WAG9HC,SU,S,15:17,,Y,HAPA300125181500,Y,C,Valid CC,2188.65,19:55 21-06-25
22-06-2025,WR,NW,BLDI,9,SMR,PLCJ,JU,NW,GIMB,ADI,WR,IR,E/BCN,E,,,,BCN,,,N,0,42,1,42.0+1.0,WR,49324,WDG4G,SU,N,22:08,,,KSLK251024192257,Y,P,Invalid Premium,0,,,,,9,,,,SMR,MDCC,ADI,WR,PLPC,UMB,NR,CONR,PLPC-11-,L,CONT,PMLP,PMLP,BLC,,,N,45,0,0,45.0+0.0,EC,38211,WAG9HC,SU,N,20:01,,Y,JUDW270724141042,Y,C,Valid CC,2321.67,06:55 21-06-25
22-06-2025,WR,NW,BLDI,10,SMR,HYA,UMB,NR,FCGM,ADI,WR,IR,YAMUNATP35,L,R,FCI,FCI,BCNHL,,,N,58,0,0,58.0+0.0,WR,69062,WDG6G,SU,N,23:10,,Y,KJGY250125153908,Y,C,Valid CC,3683,06:10 21-06-25,,,,10,,,,SMR,LPGS,ADI,WR,LPBP,UMB,NR,IR,HAPY-15,L,LPG,IOC,BPC,BTPG,,,N,32,2,1,34.0+1.0,WR,49278,WDG4G,SU,N,21:00,,Y,HAPA020625052113,Y,C,Valid CC,1203.2,21:50 21-06-25
22-06-2025,WR,NW,BLDI,11,SMR,IOTS,JU,NW,PRTK,RJT,WR,IR,SAYAJI-34,E,HSD,,,BTPN,,,N,0,50,1,50.0+1.0,NR,49168,WDG4G,SU,N,23:50,,,KRCA130525230303,N,C,Valid CC,0,,,,,11,,,,SMR,MDCC,ADI,WR,PLPC,UMB,NR,IR,PRISTINE,L,CONT,PMLP,PMLP,BLC,,,N,45,0,1,45.0+1.0,WR,49354,WDG4G,SU,N,22:38,,Y,PHNJ110922183902,Y,C,Valid CC,2340.19,00:55 22-06-25
22-06-2025,WR,NW,BLDI,,,,,,,,,,,,,,,,,,,,,,,,,,,,,,,,,,,,,,,,12,,,,SMR,KDLP,ADI,WR,SOG,BKN,NW,IR,SOG+HMH/FERT,L,IMFT,IPL,IPL,BCN,"BKN(HMH,SOG)",20+22,N,42,0,1,42.0+1.0,NR,49169,WDG4G,SU,N,23:13,,Y,NTST190723150001,N,P,Valid Premium,2741.6,
22-06-2025,WR,NW,CNA,1,AII,KLD,LJN,NE,UCGK,AII,NW,IR,BCNE,E,,,,BCN,,,N,0,42,1,42.0+1.0,NR,60078,WAG12B,SU,D,5:05,,,DSN 060424215333,N,P,Valid Premium,0,,BEC,AII,NW,1,BEC,AII,NW,AII,DRB,AII,NW,SOG,BKN,NW,ILSL,DRB/SOG,L,FERT,CFL,CFL,BCN,,,N,21,21,1,42.0+1.0,NR,49223,WDG4G,SU,N,4:35,,Y,MVNP240225105656,Y,P,Valid Premium,1316.7,05:55 20-06-25
22-06-2025,WR,NW,CNA,2,AII,FBD,IZN,NE,UDZ,AII,NW,IR,BCNE,E,,,,BCN,,,N,0,42,1,42.0+1.0,NW,70598,WDG4D,SU,N,10:58,,,TRTR160325143258,N,P,Premium Due,0,,BEC,AII,NW,2,,,,AII,WCSG,RTM,WR,WCMB,BKN,NW,IR,NKJ-LION-1601,L,CLKR,WCSG,WCSG,BOXNHL,,,N,58,0,1,58.0+1.0,WR,41610,WAG9HC,SU,S,6:02,,Y,NKJ 281024084519,Y,C,Valid CC,3978.95,
22-06-2025,WR,NW,CNA,3,AII,UNCB,JP,NW,VCSN,RTM,WR,UTCL,GPWIS=01,E,,,,BOXNHL,,,N,0,58,1,58.0+1.0,WR,49380,WDG4G,SU,N,20:14,,,SMP 270224080507,Y,C,Valid CC,0,,,,,3,,,,AII,ACS,RTM,WR,UTCJ,BKN,NW,CONR,ACS/GPW-01-,L,CLKR,UTCL,UTCL,BOXNHL,,,N,58,0,1,58.0+1.0,NW,43694,WAG9HC,SU,S,13:10,,Y,SMP 030424111832,Y,C,Valid CC,4041.5,21:25 21-06-25
22-06-2025,WR,NW,CNA,4,AII,KORI,JP,NW,DRB,AII,NW,IR,KORI/E/BCN,E,,,,BCN,,,N,0,42,1,42.0+1.0,NR,49073,WDG4G,SU,N,22:46,,,NBQY100225222850,N,P,Valid Premium,0,,BEC,AII,NW,,,,,,,,WR,,,NW,,,,,,,,,,,,,,,WR,69061,WDG6G,SU,N,,,,,Y,,,,
22-06-2025,WR,NW,CNA,5,AII,DET,AII,NW,SUBR,LJN,NE,IR,DET/SUBR+BST,L,FERT,JACP,JACP,BCN,"LJN(BST,SUBR)",21+21,N,42,0,1,42.0+1.0,EC,38701,WAG9HC,SU,S,23:55,,Y,ED  270325023849,N,P,Valid Premium,2648.45,12:15 22-06-25,CNA,KOTA,WC,4,,,,AII,ACS,RTM,WR,MB,MB,NR,IR,RUPC+MB,L,CEMT,UTCL,UTCL,BCN,"IZN(RUPC), MB(MB)",21+21,N,42,0,1,42.0+1.0,NR,60130,WAG12B,SU,D,16:15,,Y,TJ  120425201727,N,P,Valid Premium,2762.6,
22-06-2025,WR,NW,PNU,1,UP,ALIK,JP,NW,PPSP,BVC,WR,APSE,AD-101-PPSP,L,CONT,ADIL,ADIL,BLC,,,N,14,31,1,45.0+1.0,ER,43325,WAG9HC,SU,S,10:13,Y,,CEBD101123173633,Y,C,Valid CC,308.19,16:35 21-06-25,,,,1,,,,DN,MDCC,ADI,WR,JBPI,DLI,NR,GIPL,TXBT--19-,L,CONT,BXTS,BXTS,BLC,,,Y,40,0,0,40.0+0.0,NR,32499,WAG9HC,SU,S,7:25,,Y,JUDW281024154654,Y,C,Valid CC,1781.04,22:50 20-06-25
22-06-2025,WR,NW,PNU,2,UP,ICDK,JP,NW,MDCC,ADI,WR,CNCR,E/BLC/MDCC-,L,CONT,CONR,CONR,BLC,,,Y,45,0,1,45.0+1.0,WR,49252,WDG4G,SU,N,23:25,,Y,VGLJ141124144047,N,C,Valid CC,2312.02,01:30 22-06-25,,,,2,,,,DN,AFGB,ADI,WR,PDLL,DLI,NR,GRFL,RK-47-,L,CONT,ADIL,ADIL,BLC,,,N,45,0,1,45.0+1.0,WR,49346,WDG4G,SU,N,10:40,,Y,JUDW080525102259,Y,C,Valid CC,1635.4,02:30 21-06-25
22-06-2025,WR,WC,CNA,1,DN,DPH,R,SEC,CNAS,RTM,WR,IR,YARADA-V-547,L,NCOL,CPCB,BCW,BOXN,,,N,58,0,1,58.0+1.0,CR,33286,WAG9HC,SU,N,6:25,,Y,EMTY030525112621,Y,C,Valid CC,3978.42,03:00 20-06-25,,,,1,,,,UP,ACS,RTM,WR,PHDL,DLI,NR,GRFL,MTJ+PHDL,L,CEMT,UTCL,UTCL,BCN,,,N,42,0,1,42.0+1.0,WC,65036,EF12K,SU,N,4:53,,Y,DSN 180324181923,N,P,Valid Premium,2760,02:30 21-06-25
22-06-2025,WR,WC,CNA,2,DN,LPGU,JHS,NC,WCSG,RTM,WR,IR,BLUE-HANS-65,L,ASH,ATCH,WCSG,BOXNHL,,,N,59,0,1,59.0+1.0,WR,33789,WAG9HC,SU,S,11:57,,Y,BSL 180425161048,Y,C,Valid CC,4051.76,08:15 20-06-25,,,,2,BEC,AII,NW,UP,UCGK,AII,NW,ETAH,PRYJ,NC,IR,UCGK/JAB+ETAH,L,CEMT,UCWL,JK,BCN,"AGRA(JAB), PRYJ(ETAH)",11+31,N,42,0,1,42.0+1.0,NR,60078,WAG12B,SU,D,12:00,,Y,ED  220524161600,N,P,Premium Due,2761.8,
22-06-2025,WR,WC,CNA,3,DN,LPGU,JHS,NC,WCSG,RTM,WR,IR,BLUE-HANS-4/WCSG,L,ASH,ATCH,WCSG,BOXNHL,,,N,58,1,1,59.0+1.0,NR,60213,WAG12B,SU,D,13:21,,Y,BSL 201224010554,Y,C,Valid CC,3962.79,23:00 20-06-25,,,,3,,,,UP,WCSG,RTM,WR,WCLS,PRYJ,NC,IR,NKJ-LION-1605,L,CLKR,WCSG,WCSG,BOXNHL,,,N,58,0,1,58.0+1.0,WC,43700,WAG9HC,SU,S,16:58,,Y,NKJ 200425180455,Y,C,Valid CC,4009.63,06:10 21-06-25
22-06-2025,WR,WC,CNA,4,DN,PEP,BSB,NE,SMP,RTM,WR,IR,BCNE/PEP+IAA,E,,,,BCN,,,N,0,42,1,42.0+1.0,NF,12659,WDG4,SU,N,15:47,,,MLDT150325172013,N,P,Invalid Premium,0,,,,,4,,,,UP,CNAS,RTM,WR,SHLK,AGRA,NC,IR,SHLK/CNAS,L,CEMT,BCW,BCW,BCN,,,N,10,32,1,42.0+1.0,EC,32028,WAG9H,SU,N,17:33,,Y,ED  220525061810,N,P,Valid Premium,659,
22-06-2025,WR,WC,CNA,5,DN,KBP,AGRA,NC,SMP,RTM,WR,IR,BCN/E,E,,,,BCN,,,N,0,42,1,42.0+1.0,NE,42576,WAG9HC,SU,S,16:34,,,MAJN040524225357,N,P,Invalid Premium,0,,,,,5,,,,UP,JKCG,RTM,WR,HGJ,PRYJ,NC,IR,TPDDU1248-,L,CLKR,JKC,JKC,BOXNHL,,,N,58,0,1,58.0+1.0,NR,60136,WAG12B,SU,D,18:40,,Y,DDU 290525195627,Y,C,Valid CC,4014.86,
22-06-2025,WR,WC,CNA,6,DN,JNCS,DHN,EC,HZL,RTM,WR,IR,TPDDU1040-,L,PBC,NCL,HZL,BOXNHL,,,N,58,0,0,58.0+0.0,NR,60232,WAG12B,SU,D,18:32,,Y,DDU 260125233726,Y,C,Valid CC,4026.1,21:50 19-06-25,,,,6,,,,UP,VCSN,RTM,WR,UTCH,PRYJ,NC,IR,BLUE-HANS,L,CLKR,UTCL,UTCL,BOXNHL,,,N,58,0,1,58.0+1.0,EC,38659,WAG9HC,SU,N,19:20,,Y,BSL 190525112529,Y,C,Valid CC,4002.64,
22-06-2025,WR,WC,CNA,,,,,,,,,,,,,,,,,,,,,,,,,,,,,,,,,,,,,,,,7,,,,UP,ACS,RTM,WR,UTCH,PRYJ,NC,UTCL,TPDDU1123-,L,CLKR,UTCL,UTCL,BOXNHL,,,N,59,0,1,59.0+1.0,CR,33286,WAG9HC,SU,N,22:44,,Y,DDU 090325014635,Y,C,Valid CC,4060.79,
22-06-2025,WR,WC,MKC,1,RTA,JNCS,DHN,EC,TSWS,BRC,WR,IR,PM-49887-,L,PHC,NCL,GSEC,BOXNHL,,,N,57,2,1,59.0+1.0,CR,38675,WAG9HC,SU,N,11:11,,Y,BLEY170723084208,N,P,Premium Due,3987.55,17:20 19-06-25,,,,1,,,,RTA,JNPT,BB,CR,ICDM,JHS,NC,IR,ICDG=793,L,CONT,CONR,CONR,BLC,,,N,45,0,1,45.0+1.0,SEC,24551,WAG7,MU,N,19:29,,Y,VGLJ090524132702,Y,C,Valid CC,2291.33,
22-06-2025,WR,WC,MKC,2,RTA,PGCG,BSP,SEC,TSWS,BRC,WR,IR,PRGTITP220-TSW,L,PHC,ACB,GSEC,BOXNHL,,,N,58,0,1,58.0+1.0,NW,43799,WAG9HC,SU,S,18:23,,Y,BLEY200225153409,Y,C,Valid CC,4035.35,23:55 18-06-25,,,,,,,,,,,CR,,,NC,,,,,,,,,,,,,,,SEC,28340,WAG7,MU,N,,,,,Y,,,,
22-06-2025,WR,WC,MKC,3,RTA,ICDM,JHS,NC,JNPT,BB,CR,CONR,R-58-H--JNPT,L,CONT,CONR,CONR,BLC,,,N,40,0,1,40.0+1.0,WC,65095,EF12K,SU,N,21:42,,Y,ICDD140525070351,Y,C,Valid CC,1129.62,23:35 21-06-25,,,,,,,,,,,,,,,,,,,,,,,,,,,,,,,,,,,,,,,,,,
22-06-2025,WR,WC,MKC,4,RTA,JNCS,DHN,EC,TSWS,BRC,WR,IR,PRM,L,PHC,NCL,GSEC,BOXN,,,N,56,3,1,59.0+1.0,NR,60160,WAG12B,SU,D,23:03,,Y,MFGT140325220345,N,P,Valid Premium,3909.6,12:45 20-06-25,,,,,,,,,,,,,,,,,,,,,,,,,,,,,,,,,,,,,,,,,,
22-06-2025,WR,WC,MTA,1,DADN,KCKT,BSP,SEC,NSPN,RTM,WR,IR,BLUE-HANS-NSPN,L,PHC,SECL,NTPC,BOXNHL,,,N,58,0,1,58.0+1.0,WC,41241,WAG9HC,MU,N,2:50,,Y,BSL 140425053618,Y,C,Valid CC,4057.47,23:55 19-06-25,,,,1,,,,DADN,NSPN,RTM,WR,BSPR,BSP,SEC,APSE,PRAGTINS58,E,,,,BOXNS,,,N,0,59,0,59.0+0.0,SE,32059,WAG9HC,MU,N,1:47,,,BLEY010622160649,Y,C,Valid CC,0,16:35 21-06-25
22-06-2025,WR,WC,MTA,,,,,SEC,,,WR,,,,,,,,,,,,,,,WC,43507,WAG9HC,MU,S,,,,,Y,,,,,,,,,,,,,,,WR,,,SEC,,,,,,,,,,,,,,,SE,32132,WAG9H,MU,N,,,,,Y,,,,
22-06-2025,WR,WC,MTA,2,DADN,DKSK,NAG,SEC,NSPN,RTM,WR,IR,DELTA3170-N/NSPN,L,PHC,WCF,NTPC,BOXN,,,N,58,0,1,58.0+1.0,SC,31125,WAG9,SU,N,9:33,,Y,UDLU110425211820,N,C,Valid CC,3860.04,22:45 20-06-25,,,,2,,,,DADN,NSPN,RTM,WR,BSPR,BSP,SEC,IR,TPDDU1114-,E,,,,BOXNHL,,,N,0,58,1,58.0+1.0,SEC,38086,WAG9HC,MU,S,5:04,,,DDU 050325114717,Y,C,Valid CC,0,03:00 20-06-25
22-06-2025,WR,WC,MTA,3,DADN,MAIL,SBP,ECO,NSPN,RTM,WR,IR,N/NSPN,L,NPHC,NTPC,NTPC,BOXNHL,,,N,59,0,1,59.0+1.0,SR,24655,WAG7,MU,N,10:46,,Y,BLEY140625110933,N,P,Premium Due,4089.58,08:00 19-06-25,,,,,,,,,,,WR,,,SEC,,,,,,,,,,,,,,,SEC,43393,WAG9HC,MU,S,,,,,Y,,,,
22-06-2025,WR,WC,MTA,,,,,ECO,,,WR,,,,,,,,,,,,,,,SR,24660,WAG7,MU,N,,,,,N,,,,,,,,3,,,,DADN,NKR,RTM,WR,BSPR,BSP,SEC,IR,TPDDU1155-,E,,,,BOXNHL,,,N,0,59,1,59.0+1.0,WC,41241,WAG9HC,MU,N,11:55,,,DDU 210325165605,N,C,Valid CC,0,23:00 20-06-25
22-06-2025,WR,WC,MTA,4,DADN,MAIL,SBP,ECO,NSPN,RTM,WR,IR,DELTA-4176-,L,NPHC,NTPC,NTPC,BOXN,,,N,57,0,1,57.0+1.0,SE,33866,WAG9HC,MU,N,23:59,,Y,WDD 070525192748,N,C,Intensive,3975.45,23:50 17-06-25,,,,,,,,,,,WR,,,SEC,,,,,,,,,,,,,,,WC,43507,WAG9HC,MU,S,,,,,N,,,,
22-06-2025,WR,WC,MTA,,,,,ECO,,,WR,,,,,,,,,,,,,,,SE,33881,WAG9HC,MU,N,,,,,N,,,,,,,,4,,,,DADN,NKR,RTM,WR,BSPR,BSP,SEC,IR,BLUE-HANS,E,,,,BOXNHL,,,N,0,58,1,58.0+1.0,CR,60274,WAG12B,SU,D,17:59,,,BSL 140425053618,Y,C,Valid CC,0,
22-06-2025,WR,WC,MTA,,,,,,,,,,,,,,,,,,,,,,,,,,,,,,,,,,,,,,,,5,,,,DADN,NSPN,RTM,WR,BSPR,BSP,SEC,IR,DELTA3170--,E,,,,BOXN,,,N,0,58,1,58.0+1.0,SC,31125,WAG9,SU,N,23:51,,,UDLU110425211820,N,C,Valid CC,0,21:50 19-06-25
22-06-2025,WR,WC,NAD,1,UP,ARIK,PRYJ,NC,MKIG,BRC,WR,CONR,MKIG,L,CONT,DPWR,DPWR,BLC,,,N,45,0,1,45.0+1.0,NR,28081,WAG7,SU,N,3:06,,Y,ARIK200625121421,Y,C,Valid CC,304.1,19:00 20-06-25,,,,1,,,,DN,DGFJ,BRC,WR,TICD,DLI,NR,IR,R-14 H-,L,CONT,CONR,CONR,BLC,,,N,45,0,1,45.0+1.0,ER,43929,WAG9HC,SU,S,0:22,,Y,CCJS160225135245,Y,C,Valid CC,1773,17:20 19-06-25
22-06-2025,WR,WC,NAD,2,UP,IACM,RNC,SE,GISN,RTM,WR,IR,BTPN/E/GHD,E,SODA,,,BTPN,,,N,0,49,1,49.0+1.0,SR,23891,WAG5H,MU,N,8:20,,,KTTY090224151637,N,,Intensive,0,,,,,2,,,,DN,JNPT,BB,CR,MKPP,PRYJ,NC,IR,PRIS-07-PMLP15,L,CONT,PMLP,PMLP,BLC,,,N,45,0,1,45.0+1.0,WC,41662,WAG9HC,SU,S,3:33,,Y,VGLJ220325204545,N,C,Valid CC,408.45,23:55 18-06-25
22-06-2025,WR,WC,NAD,,,,,SE,,,WR,,,,,,,,,,,,,,,SR,23907,WAG5H,MU,N,,,,,N,,,,,,,,3,,,,DN,TVSG,BB,CR,FUT,DNR,EC,CONR,TVSG/ARA+FUT,L,FERT,RCF,RCF,BCN,"DNR(ARA,FUT)",21+21,N,42,0,1,42.0+1.0,WR,23827,WAG5H,MU,N,7:34,,Y,MRJ 140225065046,N,P,Invalid Premium,2646,23:35 21-06-25
22-06-2025,WR,WC,NAD,3,UP,HUGS,DHN,EC,DHWS,RTM,WR,IR,DHWS/SPL,L,FERT,HURL,HURL,BCN,,,N,42,0,1,42.0+1.0,SR,23973,WAG5H,SU,N,9:08,,Y,DST 050325073736,N,P,Invalid Premium,2637.9,13:10 15-06-25,,,,,,,,,,,CR,,,EC,,,,,,,,,,,,,,,WR,24460,WAG5H,MU,N,,,,,N,,,,
22-06-2025,WR,WC,NAD,,,,,EC,,,WR,,,,,,,,,,,,,,,EC,32392,WAG9HC,SU,N,,,,,N,,,,,,,,4,,,,DN,MDCC,ADI,WR,KOTA,KOTA,WC,IR,SPL/PR=03/06,L,IMFT,IPL,IPL,BCN,,,N,42,0,1,42.0+1.0,NW,43610,WAG9HC,SU,S,7:51,,Y,CP  180425183701,Y,P,Premium Due,1386,23:55 19-06-25
22-06-2025,WR,WC,NAD,4,UP,IORG,SEE,EC,MIOJ,BB,CR,IR,MIOJ,L,POL,IOC,IOC,BTPN,,,N,50,0,2,50.0+2.0,NF,38660,WAG9HC,SU,N,9:19,,Y,BAD 160525212342,N,P,Valid Premium,2718.44,00:25 19-06-25,MPR,WDFC,DFCR,5,,,,DN,PPSP,BVC,WR,BPAG,DLI,NR,IR,BHARAT-09,L,LPG,BPC,BPC,BTPG,,,N,26,2,1,28.0+1.0,WC,41853,WAG9HC,SU,S,9:34,,Y,TWLB131223201143,Y,C,Valid CC,961.82,23:55 19-06-25
22-06-2025,WR,WC,NAD,5,UP,LPGK,PRYJ,NC,LPGS,ADI,WR,IR,HAPY-10-,E,LPG,,,BTPG,,,N,0,34,1,34.0+1.0,EC,27010,WAG7,SU,S,15:07,,,HAPA280425020219,Y,C,Valid CC,0,,,,,6,,,,DN,DGI,BCT,WR,SOP,LKO,NR,IR,TVSG/SOP,L,FERT,RCF,RCF,BCN,,,N,41,0,1,41.0+1.0,NF,38501,WAG9HC,SU,N,13:05,,,ED  040125021918,N,P,Valid Premium,2537.33,22:45 20-06-25
22-06-2025,WR,WC,NAD,6,UP,BIZ,RNY,NF,MVI,RJT,WR,CWC,CWC-R-004-,E,,,,BLSS,,,N,0,48,1,48.0+1.0,WC,31197,WAG9,SU,S,16:31,,,SMYD060325214709,Y,C,CC OverDue,0,,,,,7,,,,DN,GSFS,BRC,WR,KNJ,SDAH,ER,IR,GSFS/KNJ,L,FERT,GSFC,GSFC,BCN,,,N,21,18,1,39.0+1.0,WR,31533,WAG9HC,SU,D,13:47,,Y,IZN 020924135003,N,P,Premium Due,1312.59,08:00 19-06-25
22-06-2025,WR,WC,NAD,7,UP,KKP,FZR,NR,UGR,UBL,SW,IR,KKP-UGR,L,R,FCI,FCI,BCN,,,N,41,0,1,41.0+1.0,EC,27011,WAG7,SU,N,17:49,,Y,JRNA250125204755,N,P,Premium Due,2698.2,22:50 20-06-25,,,,8,,,,DN,BPKR,ADI,WR,BPAG,DLI,NR,IR,HAPA-20,L,MS,BPC,BPC,BTPN,,,N,50,0,2,50.0+2.0,NR,31776,WAG9HC,SU,S,14:37,,Y,HAPA110425171200,N,C,Valid CC,2491.84,08:00 19-06-25
22-06-2025,WR,WC,NAD,8,UP,IOCG,AGRA,NC,GNVS,BRC,WR,IR,BRAJ-38[FO],L,FOIL,IOC,GNVF,BTPN,,,N,50,0,2,50.0+2.0,NC,32804,WAG9H,SU,S,20:13,,Y,BAD 210325100342,N,C,Valid CC,2719.02,15:45 21-06-25,,,,9,,,,DN,KOD,ADI,WR,PRTP,DLI,NR,IR,KOD/PRTP,L,CHES,DST,RUSS,BCN,,,N,22,20,1,42.0+1.0,WC,41082,WAG9HC,SU,N,15:19,,Y,DSN 070324174032,N,P,Valid Premium,1404.6,23:50 17-06-25
22-06-2025,WR,WC,NAD,9,UP,FBD,IZN,NE,BRMT,PUNE,CR,IR,BRMT/FG,L,M,MRAI,MRAI,BCN,,,N,42,0,1,42.0+1.0,CR,60446,WAG12B,SU,D,22:16,,Y,MGG 060525080539,Y,P,Premium Due,2603,15:30 21-06-25,,,,10,,,,DN,MAPD,BRC,WR,APLS,KOTA,WC,IR,PRGTITP293-,L,IMCL,ADPL,ADPL,BOXNHL,,,N,58,0,1,58.0+1.0,NC,32804,WAG9H,SU,S,16:51,,Y,BLEY060425170351,Y,C,Valid CC,3926.32,23:50 17-06-25
22-06-2025,WR,WC,NAD,,,,,,,,,,,,,,,,,,,,,,,,,,,,,,,,,,,,,,,,11,,,,DN,VRM,BRC,WR,TICD,DLI,NR,CONR,TX=22H-,E,,,,BLC,,,N,0,45,0,45.0+0.0,EC,41027,WAG9HC,SU,N,17:12,,,TKD 230525012041,N,C,CC OverDue,0,19:00 20-06-25
22-06-2025,WR,WC,NAD,,,,,,,,,,,,,,,,,,,,,,,,,,,,,,,,,,,,,,,,12,,,,DN,NELM,RJT,WR,LKES,KOTA,WC,IR,NKJ-LION-16070,L,NPBC,NERL,ACC,BOXNHL,,,N,58,0,1,58.0+1.0,SEC,65057,EF12K,SU,N,22:00,,Y,NKJ 120625184004,Y,C,Valid CC,4032.9,
22-06-2025,WR,WC,NAD,,,,,,,,,,,,,,,,,,,,,,,,,,,,,,,,,,,,,,,,13,,,,DN,ANAS,RTM,WR,KOTA,KOTA,WC,IR,KOTA/POH,E,,,,MIXD,,,N,0,41,2,41.0+2.0,NE,38544,WAG9HC,SU,N,23:55,,,ANAS220625144439,N,,,0,
22-06-2025,WR,WC,SHRN,1,UP,STA,JBP,WC,MGN,RTM,WR,IR,MGN,L,R,MPSS,MPSC,BCN,,,N,42,0,1,42.0+1.0,WC,33809,WAG9HC,SU,N,0:50,,Y,CLW 031224230625,N,P,Valid Premium,2521,02:20 20-06-25,,,,1,,,,DN,SEH,RTM,WR,ET,BPL,WC,IR,ET/SEH,E,,,,BCN,,,N,12,30,1,42.0+1.0,WC,41842,WAG9HC,SU,S,0:46,,,KTTY250525190626,N,P,Valid Premium,0,13:10 15-06-25
22-06-2025,WR,WC,SHRN,2,UP,CRPD,WAT,ECO,KKF,ADI,WR,IR,KKF/CONC,L,IS,RINL,RINL,SHRN,,,N,40,3,1,43.0+1.0,NC,41512,WAG9H,SU,S,1:08,,Y,TNPM270525104953,N,P,Valid Premium,2478.6,23:30 16-06-25,,,,2,,,,DN,KPRK,ADI,WR,UCLM,JBP,WC,IR,ABHISHEK--39,L,GYP,PVPL,UTCL,BOXN,,,N,58,0,1,58.0+1.0,NR,31645,WAG9HC,SU,D,1:23,,Y,ADTP260425190334,N,C,Valid CC,3939.04,13:10 15-06-25
22-06-2025,WR,WC,SHRN,3,UP,CCMP,BPL,WC,JNPT,BB,CR,CONR,ASHOKAP-R19,L,CONT,CONR,CONR,BLC,,,N,40,0,1,40.0+1.0,NW,43516,WAG9HC,SU,S,4:15,,Y,PCPK120625192514,Y,C,Valid CC,1291.1,06:55 21-06-25,MPR,WDFC,DFCR,3,,,,DN,HVD,ADI,WR,LDA,JBP,WC,IR,HVD-LDA,L,SALT,SCFI,SCFI,BCN,,,N,20,21,0,41.0+0.0,NR,43584,WAG9HC,SU,S,3:10,,Y,JTJ 121024173924,Y,P,Invalid Premium,1283.3,00:25 19-06-25
22-06-2025,WR,WC,SHRN,4,UP,HLDD,IZN,NE,SEH,RTM,WR,IR,SEH,L,AUTO,JKTP,JKTP,NMG,,,N,25,0,0,25.0+0.0,NC,31696,WAG9H,SU,S,7:35,,Y,SSB 040325001244,N,,Intensive,225,21:50 19-06-25,,,,4,,,,DN,TSWS,BRC,WR,BSPR,BSP,SEC,IR,YARADA-R-32,E,,,,BOXN,,,N,0,58,2,58.0+2.0,WR,43653,WAG9HC,SU,S,5:17,,,RYD 241023002139,Y,C,Intensive,0,
22-06-2025,WR,WC,SHRN,5,UP,DCSD,BSP,SEC,AECS,ADI,WR,IR,DELTA-3161/AECS,L,PHC,SECL,TRPL,BOXN,,,N,58,0,1,58.0+1.0,NR,33723,WAG9HC,SU,D,10:02,,Y,UDLU290325190601,Y,C,Valid CC,3957.66,22:30 19-06-25,,,,5,,,,DN,JNPT,BB,CR,CCMP,BPL,WC,CWC,SNF-R-=761,L,CONT,CONR,CONR,BLC,,,N,40,0,1,40.0+1.0,WR,33715,WAG9HC,SU,D,11:41,,Y,CSTN091124024454,Y,C,Valid CC,1290.88,
22-06-2025,WR,WC,SHRN,6,UP,OCSB,BSL,CR,DWX,RTM,WR,IR,DWX/BCN,L,CEMT,OCSB,ACC,BCN,,,N,21,21,1,42.0+1.0,WC,43500,WAG9HC,SU,S,10:19,,Y,TNPM240624170408,N,P,Premium Due,1377.9,12:50 20-06-25,,,,6,,,,DN,BQE,RTM,WR,BSPR,BSP,SEC,IR,NBOXE,E,,,,BOXN,,,N,0,57,1,57.0+1.0,WC,27676,WAG7,MU,S,12:16,,,NPRY301024164202,N,P,Invalid Premium,0,22:50 20-06-25
22-06-2025,WR,WC,SHRN,7,UP,PGCG,BSP,SEC,TSWS,BRC,WR,IR,ABHISHEK--14TSWS,L,PHC,ACB,GSEC,BOXN,,,N,59,0,1,59.0+1.0,WC,38088,WAG9HC,SU,N,14:13,,Y,ADTP260325074723,Y,C,Valid CC,4099.39,20:00 19-06-25,,,,,,,,,,,WR,,,SEC,,,,,,,,,,,,,,,WC,27791,WAG7,MU,S,,,,,N,,,,
22-06-2025,WR,WC,SHRN,8,UP,PMBG,BSP,SEC,TSWS,BRC,WR,IR,TPDDU1296/TSWS,L,PHC,PCPB,GSEC,BOXNHL,,,N,58,0,0,58.0+0.0,NC,24061,WAG5H,SU,N,16:36,,Y,DDU 140625022001,Y,C,Valid CC,4049.13,23:55 19-06-25,,,,7,,,,DN,HPPL,BRC,WR,IONI,JBP,WC,IR,BRAJ-15/C,L,MIXD,HPC,HPC,BTPN,,,N,50,0,2,50.0+2.0,SC,34095,WAG9HC,SU,N,15:45,,Y,BAD 211124065403,N,C,Intensive,2546.9,15:30 21-06-25
22-06-2025,WR,WC,SHRN,9,UP,NCSN,BSP,SEC,TSWS,BRC,WR,IR,KKC-9063/TSWS,L,PHC,SECL,GSEC,BOXN,,,N,58,1,1,59.0+1.0,WC,65037,EF12K,SU,N,16:45,,Y,BKEY131224014603,Y,C,Valid CC,4081.21,23:50 20-06-25,,,,8,,,,DN,SVL,BRC,WR,BSPR,BSP,SEC,IR,YARADA-R-539,E,,,,BOXN,,,N,0,57,1,57.0+1.0,CR,60477,WAG12B,SU,N,17:50,,,EMTY270425090745,Y,C,Valid CC,0,02:20 20-06-25
22-06-2025,WR,WC,SHRN,10,UP,NIA,BSP,SEC,GISN,RTM,WR,IR,YARADA-V/GSIN,L,NPBC,BLMA,GI,BOXN,,,N,58,0,1,58.0+1.0,CR,33330,WAG9HC,SU,N,18:07,,Y,EMTY100625193539,Y,C,Valid CC,3965.83,23:55 17-06-25,,,,9,,,,DN,BNG,RTM,WR,BSPR,BSP,SEC,IR,TPDDU1223-,E,,,,BOXNHL,,,N,0,58,1,58.0+1.0,NR,60175,WAG12B,SU,D,18:20,,,DDU 170525090451,Y,C,Valid CC,0,23:30 16-06-25
22-06-2025,WR,WC,SHRN,11,UP,PLBG,JBP,WC,KRCA,BRC,WR,IR,BRAJ-29,E,"HSD, MS",,,BTPN,,,N,0,50,2,50.0+2.0,WC,23584,WAG5H,MU,N,18:26,,,BAD 040125172151,N,C,Valid CC,0,,,,,10,MPR,WDFC,DFCR,DN,JNPT,BB,CR,CCMP,BPL,WC,CONR,SNF-T-=797,L,CONT,CONR,CONR,BLC,,,N,45,0,0,45.0+0.0,WC,31482,WAG9HC,SU,S,19:44,,Y,CSTN041224181618,Y,C,Valid CC,1195.78,06:55 21-06-25
22-06-2025,WR,WC,SHRN,,,,,WC,,,WR,,,,,,,,,,,,,,,WC,23957,WAG5H,MU,N,,,,,N,,,,,,,,11,,,,DN,NAD,RTM,WR,BSPR,BSP,SEC,IR,TPDDU440,E,,,,BOXNHL,,,N,0,58,0,58.0+0.0,ER,27794,WAG7,SU,N,23:17,,,DDU 101224141642,Y,C,Valid CC,0,21:50 19-06-25
22-06-2025,WR,WC,SHRN,12,UP,DSGR,BSP,SEC,GETS,ADI,WR,IR,MANDIRA-350--GET,L,PHC,ACB,GSEC,BOXN,,,N,59,0,1,59.0+1.0,NR,31645,WAG9HC,SU,D,20:07,,Y,BNDM220325071628,Y,C,Valid CC,4083.51,23:50 17-06-25,,,,12,,,,DN,VCSN,RTM,WR,NSZ,BPL,WC,IR,YAMUNATP79,L,CEMT,UTCL,UTCL,BCNHL,,,N,42,16,1,58.0+1.0,SE,32854,WAG9HC,SU,N,23:57,,Y,KJGY040225162526,Y,C,Intensive,2961,22:30 19-06-25
22-06-2025,WR,WC,SHRN,13,UP,BIA,R,SEC,SMR,JU,NW,IR,BIA/EUR08--SMR,L,RMC,RAIL,RAIL,BRN,,,N,21,1,0,22.0+0.0,CR,42552,WAG9HC,SU,S,20:58,Y,,BSPC180625071113,Y,C,Valid CC,939.58,,,,,,,,,,,,,,,,,,,,,,,,,,,,,,,,,,,,,,,,,,,
22-06-2025,WR,WC,SHRN,14,UP,BIA,R,SEC,GGR,AII,NW,IR,BIA/EUR23--GGR,L,RMC,RAIL,RAIL,BRN,,,N,21,1,1,22.0+1.0,SEC,65046,EF12K,SU,N,21:00,,Y,BSPC270125140043,Y,C,Valid CC,939.58,,,,,,,,,,,,,,,,,,,,,,,,,,,,,,,,,,,,,,,,,,,
22-06-2025,WR,WC,SHRN,15,UP,CCMP,BPL,WC,JNPT,BB,CR,CONR,SNF-T-99,L,CONT,CONR,CONR,BLC,,,N,40,0,0,40.0+0.0,WR,33715,WAG9HC,SU,D,21:17,,Y,CSTN280225134256,Y,C,Valid CC,1316.25,16:55 18-06-25,MPR,WDFC,DFCR,,,,,,,,,,,,,,,,,,,,,,,,,,,,,,,,,,,,,,,
22-06-2025,WR,WC,SHRN,16,UP,PMBG,BSP,SEC,TSWS,BRC,WR,IR,KOTA--YDCC19/TSW,L,PHC,PCPB,GSEC,BOXNHL,,,N,58,0,1,58.0+1.0,SC,34095,WAG9HC,SU,N,23:30,,Y,KTTY100625205827,Y,C,Valid CC,4049.27,03:50 20-06-25,,,,,,,,,,,,,,,,,,,,,,,,,,,,,,,,,,,,,,,,,,
22-06-2025,WR,WC,SHRN,17,UP,HLDD,IZN,NE,SEH,RTM,WR,IR,SEH/AUTO,L,AUTO,JKTP,JKTP,NMG,,,N,25,1,0,26.0+0.0,NW,43557,WAG9HC,SU,D,23:55,,Y,TNPM070524201557,N,P,Invalid Premium,225,09:30 20-06-25,,,,,,,,,,,,,,,,,,,,,,,,,,,,,,,,,,,,,,,,,,
